"title","source","source_type","deadline","posted","award_ceiling","estimated_funding","indirect_rate","eligibility","fit","number","url","matched_terms","description"
"OSERS-OSEP: National Assessment Center, Assistance Listing Number (ALN) 84.326G","Holly Clark Management and Program Analyst","","2026-07-20","2026-05-20","1000000","1000000","","Others (see text field entitled ""Additional Information on Eligibility"" for clarification)","68","ED-GRANTS-052026-001","https://www.grants.gov/search-results-detail/362496","learning; assessment","Program Description: The purpose of this grant competition is to establish a National Assessment Center to improve children with disabilities’ participation in and performance on State and districtwide assessments. This award is funded under the Technical Assistance and Dissemination to Improve Services and Results for Children with Disabilities program. The goal of this program is to promote academic achievement and to improve results for children with disabilities by providing technical assistance (TA), supporting model demonstration projects, disseminating useful information, and implementing activities supported by scientifically based research. This award aligns to requirements in the Individuals with Disabilities Education Act (IDEA). Specifically, section 612(a)(16) requires that all children with disabilities are included with appropriate accommodations in general State and districtwide assessments as indicated in their individualized education programs, including assessments described under section 1111 of the Elementary and Secondary Education Act (ESEA) and alternate assessments. Many States have also adopted kindergarten entry assessments to assess multiple developmental domains and support early learning. Additionally, Section 663(b)(2) of IDEA requires that the Secretary use funds to support activities to improve the participation of children with disabilities in State assessments. ALN: 84.326G. Applicants are required to follow the 2025 Common Instructions and Information for Applicants to Department of Education Discretionary Grant Programs , published in the Federal Register on August 29, 2025 (90 FR 42234) and available at ED 2025 Common Instructions . Note: For new potential grantees unfamiliar with grantmaking at ED, please consult our “ Getting Started with Discretionary Grant Applications ” webpage ."
"EPSCoR Research Infrastructure Improvement Program: EPSCoR Collaborations for Optimizing Research Ecosystems","U.S. National Science Foundation","","2026-07-21","2024-12-14","","37500000","","Others (see text field entitled ""Additional Information on Eligibility"" for clarification)","100","25-523","http://www.nsf.gov/publications/pub_summ.jsp?ods_key=nsf25523","infrastructure; evidence; workforce; stem; k-12; higher education; career; workforce development","The Established Program to Stimulate Competitive Research (EPSCoR) supports the U.S. National Science Foundation (NSF) mission by promoting nationwide scientific progress. Through this program, NSF fosters partnerships among academic institutions, government entities, industry, and non-profits. These collaborations aim to drive long-term improvements in research infrastructure, enhance R&D capacity, and boost the research competitiveness of eligible EPSCoR jurisdictions, including states, territories, and commonwealths. A jurisdiction's research ecosystem is the interconnected network of organizations, researchers, trainees, community stakeholders, and resources that contribute to the process of research and innovation that advances fundamental knowledge, generates use-inspired products, and ultimately cultivates beneficial impacts for a jurisdiction. E-CORE supports jurisdictions in building significant and sustainable research capacity and research infrastructure for targeted areas of focus, hereinafter referred to as ""cores,"" that underlie a jurisdiction's research ecosystem. Based on the evidence-based and self-identified needs of a jurisdiction, the types of cores supported by E-CORE may include (but are not limited to) development, enhancement, and/or ensuring the sustainability of: research administration; research facilities and infrastructure (including cyberinfrastructure); STEM education (K-12) pathways; higher education pathways; early career investigator pathways; broadening participation; workforce development; national and global partnerships; community engagement and outreach; technology transfer; economic development; and use-inspired research pathways. E-CORE projects must be designed to support the sustainability of the research infrastructure cores beyond the award period. Projects will also support the development and growth of new jurisdiction-wide connections, and the leveraging of existing jurisdiction-wide connections, to drive substantive and sustainable impacts."
"CyberAICorps Scholarship for Service","U.S. National Science Foundation","","2026-07-21","2026-02-04","2500000","2500000","","Others (see text field entitled ""Additional Information on Eligibility"" for clarification)","92","26-503","http://www.nsf.gov/publications/pub_summ.jsp?ods_key=nsf26503","ai; artificial intelligence; workforce; stem; higher education; workforce development; science; pathways","Government and the nation face a talent shortfall in artificial intelligence (AI) and cybersecurity. The CyberAICorps Scholarship for Service (CyberAI SFS) program welcomes proposals that address AI and cybersecurity education and workforce development. CyberAI refers to using AI in cybersecurity as well as providing security and resilience for AI systems. The Scholarship Track provides funding to establish, or to continue, scholarship for service programs with integrated AI and cybersecurity components (CyberAI). Scholarship recipients must be U.S. citizens or lawful permanent residents and work after graduation in the AI or cybersecurity mission of a government organization for a period of at least the length of the scholarship. The Innovation Tracksupports projects that enhance preparation of AI and/or cybersecurity professionals. Projects may expand existing educational opportunities, curricula, degree programs, educational pathways, methods and interventions, and partnerships among institutions of higher education, government, and employers. Two statutesauthorize this program: 15 USC &sect;7442 (cybersecurity) and 42 USC &sect;18993 (AI). CyberAI SFS aligns with the Executive Order 14277 to prioritize AI within scholarship for service programs. CyberAI is managed by NSF's Directorate for STEM Education in collaboration with the U.S. Office of Personnel Management (OPM) and U.S. Department of Homeland Security (DHS)."
"Faculty Early Career Development Program","U.S. National Science Foundation","","2026-07-22","2022-04-19","","250000000","","Others (see text field entitled ""Additional Information on Eligibility"" for clarification)","76","22-586","http://www.nsf.gov/publications/pub_summ.jsp?ods_key=nsf22586","career; science; technology; engineering","CAREER:The Faculty Early Career Development (CAREER) Program is a Foundation-wide activity that offers the National Science Foundation's most prestigious awards in support of early-career faculty who have the potential to serve as academic role models in research and education and to lead advances in the mission of their department or organization. Activities pursued by early-career faculty should build a firm foundation for a lifetime of leadership in integrating education and research. NSF encourages submission of CAREER proposals from early-career faculty at all CAREER-eligible organizations . PECASE:Each year NSF selects nominees for the Presidential Early Career Awards for Scientists and Engineers (PECASE) from among the most meritorious recent CAREER awardees.Selection for this award is based on twoimportant criteria:The criteria are 1) performance of innovative research at the frontiers of science, engineering, and technology that is relevant to the mission of the sponsoring organization or agency; and 2) community service demonstrated through scientific leadership, education or community outreach.These awards foster innovative developments in science and technology, increase awareness of careers in science and engineering, give recognition to the scientific missions of the participating agencies, enhance connections between fundamental research and national goals, and highlight the importance of science and technology for the Nation's future. Individuals cannot apply for PECASE. These awards are initiated by the participating federal agencies. At NSF, up to twenty-six nominees for this award are selected each year from among the PECASE-eligible CAREER awardees most likely to become the leaders of academic research and education in the twenty-first century. The White House Office of Science and Technology Policy makes the final selection and announcement of the awardees."
"Integrated Data Systems & Services","U.S. National Science Foundation","","2026-07-28","2026-04-15","30000000","60000000","","Others (see text field entitled ""Additional Information on Eligibility"" for clarification)","94","26-509","http://www.nsf.gov/publications/pub_summ.jsp?ods_key=nsf26509","artificial intelligence; data; open; science; engineering","The Integrated Data Systems and Services (IDSS) program supports operations-level national-scale cyberinfrastructure systems and services that broadly advance and facilitate open, data-intensive and artificial intelligence-driven science and engineering research, innovation, and education. Through this solicitation, the IDSS program is accepting proposals for three categories of projects: Category I . Development, deployment, and operation of novel national-scale integrated data systems and services, which may include interfacing with or leveraging other existing capabilities, systems and services, as appropriate to the project; Category II. Transition of established smaller scale, regional, pilot, or prototype data-focused systems and services to national-scale production/operational quality/level. This may also include enhancement and expansion of existing national-scale data-focused operational systems and services; and Category III. Planning grants for future potential development/deployment or transition/enhancement IDSS projects. NSF and the Office of Advanced Cyberinfrastructure (OAC) have long supported the development of innovative foundational and application-specific cyberinfrastructure resources and systems to address data-intensive research needs at the campus, regional, and community scales, through programs such as Cyberinfrastructure for Sustained Scientific Innovation (CSSI) , Campus Cyberinfrastructure (CC*) , and other investments. The primary goal of the IDSS program is to support national-scale foundational data cyberinfrastructure that broadly enables data- and artificial intelligence-driven research for many communities. The IDSS program supports foundational transdisciplinary and demonstrably multi-disciplinary projects aimed to broadly impact the science and engineering research and education community. Projects that aim to primarily benefit a single science discipline, domain, project, or application are not supported. It is recommended that prospective PIs contact program officer(s) from the list of Cognizant Program Officers to gain insight about alignment of their project ideas with the priorities of the IDSS program and Office of Advanced Cyberinfrastructure. As part of contacting Cognizant Program Officers, prospective PIs are also encouraged to ascertain that the focus and budget of their proposed work are appropriate for this solicitation."
"OSERS-OSEP: National Technical Assistance Center for Postsecondary Education and Training for Individuals who are Deaf or Hard of Hearing, Assistance Listing Number 84.326D","Holly Clark Management and Program Analyst","","2026-07-30","2026-06-01","4000000","4000000","","Others (see text field entitled ""Additional Information on Eligibility"" for clarification)","72","ED-GRANTS-060126-001","https://www.grants.gov/search-results-detail/362632","postsecondary; adult education; technology","Program Description- The Individuals with Disabilities Education Act (IDEA) requires the Secretary to provide annually at least $4,000,000 to address the postsecondary, vocational, technical, continuing, and adult education needs of individuals who are deaf or hard of hearing. [1] Aligned with this requirement, through this competition the Department intends to establish a National Technical Assistance Center for Postsecondary Education and Training for Individuals who are Deaf or Hard of Hearing. This competition uses funds from three Department programs: the Technical Assistance and Dissemination to Improve Services and Results for Children with Disabilities (TA&D) program; the Personnel Development to Improve Services and Results for Children with Disabilities (PD) program; and the Educational Technology, Media, and Materials for Individuals with Disabilities (ETechM2) program. Assistance Listing Number: 84.326D. [1] See IDEA Section 682(d)(1)(B). Applicants are required to follow the 2025 Common Instructions and Information for Applicants to Department of Education Discretionary Grant Programs , published in the Federal Register on August 29, 2025 (90 FR 42234) and available at ED 2025 Common Instructions ."
"Mathematical Sciences Infrastructure Program","U.S. National Science Foundation","","2026-08-04","2020-08-07","","","","Unrestricted (i.e., open to any type of entity above), subject to any clarification in text field entitled ""Additional Information on Eligibility""","100","PD-20-1260","http://www.nsf.gov/funding/pgm_summ.jsp?pims_id=12756","infrastructure; outcomes; evaluation; assessment; workforce; professional development; career; retention","The primary aim of the Mathematical Sciences Infrastructure Program is to foster the continuing health of the mathematical sciences research community as a whole. In addition,the program complements the Workforce Program in the Mathematical Sciences in its goal to increase the number of well-prepared U.S. based individuals who successfully pursue careers in the mathematical sciences and in other professions in which expertise in the mathematical sciences plays an increasingly important role. The DMS Infrastructure program invites projects that support core research in the mathematical sciences, including: 1) novel projects supporting research infrastructure across the mathematical sciences community; 2) training projects complementing the Workforce Program, and 3) conference, workshop, and travel support requests that include cross-disciplinary activities or have an impact at the national scale. Proposals under this solicitation submitted to DMS Infrastructure must show engagement in developing or enhancing the mathematical sciences research infrastructure in the U.S., including, but not limited to, broadening participation activities; professional development training; or involvement of students and early career researchers. Proposals must explain the regional or national scale impact of the activity that goes substantially beyond the submitting institution or the location of the event. Full proposals (with exception of conference proposals, which are subject to lead-time requirements) must be submitted close to one of the Full Proposal Target Dates. See below for more information about each category of Infrastructure projects. (1)Novel projects that serve to strengthen the research infrastructure: The DMS Infrastructure Program will consider novel projects that support and strengthen the research infrastructure across the mathematical sciences community. These projects most often cut across multiple sub-disciplines supported by DMS or involve interdisciplinary collaborations. The main goal of these projects should be to create a new research infrastructure or substantially enhance or transform an existing infrastructure with regional or national impact that goes substantially beyond the submitting institution or the location of the project. Full proposals must be submitted by the Full ProposalTarget Date. (2)Training projects: Training proposals submitted to DMS Infrastructure must not fit into one of the areas covered by solicitations in the Workforce Program in the Mathematical Sciences ; they must be submitted by the Full ProposalTarget Date; and they must: A. Include a core research component for trainees in mathematical sciences; B. Demonstrate promise for an impact at the regional or national scale that goes substantially beyond the submitting institution or the location of the project; C. Satisfy at least one of the following criteria: i. Serve as models to be replicated, ii. Promote partnerships with non-academic entities, minority-serving institutions, or community colleges, or iii. Include a substantial broadening participation initiative. In addition, all proposals of this type must clearly identify: Goals to be achieved; Specific new activities to be conducted, the way in which these address the goals, and the way in which the activities significantly differ from or enhance common practice; Measurable outcomes for the project; Plans and methods for assessment of progress toward the goals to be achieved, and for evaluation of the success of the activity; Recruitment, selection, and retention plans for participants, including members of underrepresented groups; Sustainability plans to continue the pursuit of the project's goals when funding terminates; and A budget commensurate with the proposed activity. 3) Conferences, Symposia, Working Research Sessions, Travel Support Requests: Principal Investigators should carefully read the program solicitation Conferences and Workshops in the Mathematical Sciences to obtain important information regarding the substance of proposals for conferences, workshops, summer/winter schools, international travel support, and similar activities.Conference/workshop proposals that concern topics within a particular subdiscipline of mathematics or statistics should be submitted to the appropriate DMS disciplinary program(s). These submissions are subject to the lead-time requirements specified by the disciplinary program(s); see the program web pages listed on the DMS home page . Conference/workshop proposals may be submitted to the DMS Infrastructure program only if the intended topical areas span a wide range of the mathematical sciences and are consequently not within the scope of DMS disciplinary programs. The required lead time for submission of such proposals is: 6 months in advance of the meeting date for proposals requesting no more than $50,000 to support a domestic meeting; 9 months in advance of the meeting date for proposals requesting more than $50,000 to support a domestic meeting; 12 months in advance of the meeting date for proposals requesting support for participation in a meeting taking place outside the United States."
"Science of Learning and Augmented Intelligence","U.S. National Science Foundation","","2026-08-05","2019-09-19","","","","Unrestricted (i.e., open to any type of entity above), subject to any clarification in text field entitled ""Additional Information on Eligibility""","100","PD-19-127Y","http://www.nsf.gov/funding/pgm_summ.jsp?pims_id=505731","artificial intelligence; machine learning; data; learning; workforce; transfer; science; technology","Science of Learning and Augmented Intelligence (SL) supports potentially transformative research that develops basic theoretical insights and fundamental knowledge about principles, processes and mechanisms of learning, and about augmented intelligence - how human cognitive function can be augmented through interactions with others or with technology, or through variations in context. The program supportsresearch addressing learning in individuals and in groups, across a wide range of domains at one or more levels of analysis, including molecular and cellular mechanisms; brain systems; cognitive, affective and behavioral processes; and social and cultural influences. The program also supports research on augmented intelligence that clearly articulates principled ways in which human approaches to learning and related processes, such as in design, complex decision-making and problem-solving, can be improved through interactions with others or through the use of artificial intelligence in technology. These could include ways of using knowledge about human functioning to improve the design of collaborative technologies that have the capacity to learn to adapt to humans. For both aspects of the program, there is special interest in collaborative and collective models of learning and intelligence that are supported by the unprecedented speed and scale of technological connectivity.This includes emphasis on how people and technology working together in new ways and at scale can achieve more than either can attain alone. The program also seeks explanations for how the emergent intelligence of groups, organizations and networks intersects with processes of learning, behavior and cognition in individuals. Projects that are convergent or interdisciplinary may be especially valuable in advancing basic understanding of these areas, but research within a single discipline or methodology is also appropriate.Connections between proposed research and specific technological, educational and workforce applications will be considered as valuable broader impacts but are not necessarily central to the intellectual merit of proposed research. The program supports a variety of approaches, including experiments, field studies, surveys, computational modeling, and artificial intelligence or machine learning methods. Examples of general research questions within scope of Science of Learning and Augmented Intelligence (SL)include: What are the underlying mechanisms that support transfer of learning from one context to another or from one domain to another?How is learning generalized from a small set of specific experiences?What is the basis for robust learning that is resilient against potential interference from new experiences?How is learning consolidated and reconsolidated from transient experience to stable memory? How do human interactions with technologies, imbued with artificial intelligence, provide improved human task performance?What models best describe the interplay of the individual and collaborative processes that lead to co-creation of knowledge and collective intelligence? In what ways do the capacities and constraints of human cognition inform improved methods of human-artificial intelligence collaboration? How can we integrate research findings and insights across levels of analysis, relating understanding of cellular and molecular mechanisms of learning in the neurons, to circuit and systems-level computations of learning in the brain, to cognitive, affective, social and behavioral processes of learning? What is the relationship between assembly of new networks (development) and learning new knowledge in a maturing or mature brain? What concepts, tools (including Big Data, machine learning, and other computational models) or questions will provide the most productive linkages across levels of analysis? How can insights from biological learners contribute and derive new theoretical perspectives to artificial intelligence, neuromorphic engineering, materials science and nanotechnology? How can the ability of biological systems to learn from relatively few examples improve efficiency of artificial systems?How do learning systems (biological and artificial) address complex issues of causal reasoning?How can knowledge about the ways in which humans learn help in the design of human-machine interfaces?"
"Centers of Research Excellence in Science and Technology - Research Infrastructure for Science and Engineering","U.S. National Science Foundation","","2026-08-07","2025-05-21","2000000","6000000","","Others (see text field entitled ""Additional Information on Eligibility"" for clarification)","100","24-562","http://www.nsf.gov/publications/pub_summ.jsp?ods_key=nsf24562","artificial intelligence; data; infrastructure; stem; science; technology; engineering; mathematics","The Centers of Research Excellence in Science and Technology (CREST) program provides support to enhance the research capabilities of minority-serving institutions (MSIs) as defined in this solicitation's Eligibility section, through effective integration of education and research. The CREST program, composed of the CREST Centers, the CREST Postdoctoral Research Program, and the projects supported by this CREST-RISE solicitation, promotes the development of new knowledge, enhancements of the research productivity of individual faculty and postdoctoral scholars, and an expanded presence of research doctoral students in science, technology, engineering, and mathematics (STEM) disciplines, especially those from underrepresented groups. CREST-RISE is the component of the CREST program that supports the expansion of institutional research capacity by increasing the strength of institutional graduate programs and the successful production of research doctoral students, especially those from groups underrepresented in STEM. The CREST-RISE component supports STEM research doctoral programs in all NSF supported areas and encourages proposals in areas of national interest, such as artificial intelligence, data science and analytics; advanced materials, manufacturing, robotics; cybersecurity; plant genetics/agricultural technologies; quantum information sciences; nanotechnology, semiconductors/microelectronics technologies; climate change and clean energy. CREST-RISE projects must have a direct connection to the long-term plans of the host department(s) and the institution's strategic plan and mission. Project plans should emphasize activities designed to increase the production of research doctoral students, especially those underrepresented in STEM as well as expand institutional research capacity. The goals of CREST-RISE are to increase: 1) the number of STEM research doctoral programs at MSIs (as defined in the Eligibility section), 2) the number of STEM research doctoral students graduating from MSIs, especially those from groups underrepresented in STEM, and 3) institutional research capacity to increase doctoral students' graduation rates.To achieve these goals, the CREST-RISE program includes three tracks as follows: CREST-RISE STEM Doctoral Programs Support Initiative (CREST-RISE DPSI) CREST-RISE Research Advancement and Development (CREST-RISE RAD) CREST-RISE Equipment & Instrumentation (CREST-RISE E&I)"
"OSERS-OSEP: National Center on Academic Interventions Assistance Listing Number (ALN): 84.326Q","Holly Clark Management and Program Analyst","","2026-08-10","2026-06-15","3700000","3700000","","Others (see text field entitled ""Additional Information on Eligibility"" for clarification)","84","ED-GRANTS-061526-002","https://www.grants.gov/search-results-detail/362807","evidence; literacy; assessment; implementation; postsecondary; mathematics","Program Description: The purpose of the Technical Assistance and Dissemination to Improve Services and Results for Children with Disabilities program is to promote academic achievement and to improve results for children with disabilities by providing technical assistance (TA), supporting model demonstration projects, disseminating useful information, and implementing activities that are supported by scientifically based research. The 2024 National Assessment of Education Progress results illustrate the significant achievement gaps in reading and mathematics for students with disabilities. [1] Local educational agencies (LEAs) and schools need to continuously improve their systems and practices to address achievement gaps of students with disabilities and support educators’ implementation of evidence-based literacy and mathematics instruction that meet the individualized needs of students with disabilities so they are prepared for success in school and postsecondary opportunities. Through this competition and to address these needs, the Department intends to establish a National Center on Academic Interventions. [1] The National Assessment of Educational Progress (2024). https://www.nationsreportcard.gov/dashboards/achievement_gaps.aspx . ALN: 84.326Q Applicants are required to follow the 2025 Common Instructions and Information for Applicants to Department of Education Discretionary Grant Programs , published in the Federal Register on August 29, 2025 (90 FR 42234) and available at ED 2025 Common Instructions . Note: For new potential grantees unfamiliar with grantmaking at ED, please consult our “ Getting Started with Discretionary Grant Applications ” webpage ."
"EPSCoR Research Infrastructure Improvement Program: EPSCoR Research Incubators for STEM Excellence","U.S. National Science Foundation","","2026-08-11","2024-12-14","","31500000","","Others (see text field entitled ""Additional Information on Eligibility"" for clarification)","100","25-522","http://www.nsf.gov/publications/pub_summ.jsp?ods_key=nsf25522","infrastructure; outcomes; workforce; implementation; stem; science; technology; engineering","The Established Program to Stimulate Competitive Research (EPSCoR) supports the mission of the U.S. National Science Foundation (NSF) by promoting nationwide scientific progress. Through this program, NSF fosters partnerships among academic institutions, government entities, industry, and non-profits. These collaborations aim to drive long-term improvements in research infrastructure, enhance R&D capacity, and boost the research competitiveness of eligible EPSCoR jurisdictions, including states, territories, and commonwealths. A jurisdiction's research ecosystem is the interconnected network of institutions, organizations, researchers, trainees, community stakeholders, and resources that contribute to the process of research and innovation that advances fundamental knowledge, generates use-inspired products, and ultimately cultivates beneficial societal impacts for a jurisdiction. E-RISE supports hypothesis-driven or problem-driven research and fosters the development of research teams and products in a scientific topical area that aligns with a jurisdiction's research ecosystem and priorities, as detailed in the jurisdiction's Science and Technology (S&T) Plan or drawn from other jurisdiction plans, reports, or publications prepared by appropriate authorities or bodies.E-RISE invitesinnovativeproposalswithin the chosen research area thatwillleadto development and implementation of sustainable broad networks of individuals, institutions, and organizations, and that will transform the science, technology, engineering and mathematics (STEM) research capacity and competitiveness in a jurisdiction. E-RISE is particularly interested in proposals that justify exploring emerging or interdisciplinary research areas with high potential impact. E-RISE projects must have a clearly articulated research goal that will lead to new knowledge by addressing a clear hypothesis or problem. The E-RISE projectshould promote (i) areas of research capacity-building within a chosen research topic; (ii) development of a skilled workforce that is relevant to the research topic, as well as the project and its outcomes; (iii) a culture of collaboration and engagement across different types of academic institutions and organizations, as well as non-academic sectors (e.g., industry and government); (iv) integration of the research with societal impacts; and (v) a clear sustainability plan to preserve the resulting research incubator's team and products beyond E-RISE funding."
"Research Training Groups in the Mathematical Sciences","U.S. National Science Foundation","","2026-08-11","2024-05-03","600000","12000000","","Others (see text field entitled ""Additional Information on Eligibility"" for clarification)","90","24-570","http://www.nsf.gov/publications/pub_summ.jsp?ods_key=nsf24570","professional development; undergraduate; science; mathematics","The long-range goal of the Research Training Groups in the Mathematical Sciences (RTG) program is to strengthen the nation's scientific competitiveness by increasing the number of well-prepared U.S. citizens, nationals, and permanent residents who pursue careers in the mathematical sciences, be they in academia, government, or industry. The RTG program supports efforts to improve graduate student research training and professional development through structured groups pursuing collaborative research. In addition to graduate student trainees working with faculty members, RTG supported research teams may, but are not required to, include undergraduate or postdoctoral trainees. The RTG program invites submissions in all fields within mathematical sciences; especially encouraged in 2024-2025 are those that align and integrate research in mathematics and statistics with emerging areas such asArtificial Intelligence, Biotechnology,Quantum Computing, and Cybersecurity."
"Cognitive Neuroscience","U.S. National Science Foundation","","2026-08-17","2023-10-12","","","","Unrestricted (i.e., open to any type of entity above), subject to any clarification in text field entitled ""Additional Information on Eligibility""","94","PD-24-1699","http://www.nsf.gov/funding/pgm_summ.jsp?pims_id=506244","data; stem; undergraduate; career; science","The Cognitive Neuroscience (CogNeuro) program seeks to fund proposals that can advance our understanding of the neural mechanisms underlying human cognition and behavior. Funded proposals typically relate precise and rich quantifications of physiological responses and behavior in ways that advance theory (Intellectual Merit). Funded proposal also typically strengthen the field through, for example, outreach, mentoring the next generation of diverse cognitive neuroscientists, and/or increasing awareness and utilization of the research the field produces (Broader Impacts). Intellectual Merit In general, successful proposals provide a theoretical motivation and consist of a series of experiments/analyses that test the differential predictions of that theory; they go beyond quantifying physiology during certain tasks and behaviors. Research topics considered for funding include but are not limited to: perception, recognition, categorization, implicit and explicit memory, working memory, attention, language, decision-making, and social reasoning. Commensurate with the inherently multidisciplinary nature of the field and the limitations of any single technique, a wide variety of physiological methods are considered, including but not limited to: neuroimaging (e.g., fMRI, EEG, MEG), non-invasive stimulation (e.g. TMS, tDCS), lesion analysis, intracranial recording, optogenetics, genetics, optical imaging, computational modeling, and pharmacological interventions in both human and non-human primates and other animal models. The program is particularly interested in proposals that achieve or enable convergence across multiple techniques. Critically, proposals will be returned without review if they are focused on: 1) either behavior or physiology and lack a specific link between them, 2) understanding clinical populations, 3) non-human animals without a clear benefit to our understanding of humans. Broader Impacts In general, successful proposals make impacts beyond traditional academic routes, such as publishing research or teaching undergraduate courses. Strong broader impacts can be quite varied but will typically involve specific efforts strengthening the field and/or increasing its visibility that leverage the characteristics of the institution, department, and/or researcher. Consider the following non-exhaustive examples: 1) STEM education and outreach, particularly in underserved communities, 2) directly involving undergraduates and high-school students in research, 3) making tools and applications for the general public, 4) science journalism or advocacy. These efforts can, but need not, directly relate to the proposed research. It is also encouraged to include budget for these efforts if warranted. Mentoring Plans Strong mentoring plans generally go beyond inclusion in standard lab activities and incorporate specific ideas for forwarding the careers of young scientists and trainees that leverage the setting and content of the proposed research. General Directions Prior to the development of a full proposal, investigators are strongly encouraged to submit a one-page summary of the proposed research to a program director to evaluate its appropriateness for the CogNeuro program. Please contact the director early enough to allow for revisions and incorporation what may be extensive feedback. The summary should include an overview of your research and statements of intellectual merit and broader impacts, the two NSF review criteria. See the Merit Review Fact Sheet for more important facts about the NSF merit review process. Please read the NSF Proposal & Award Policies & Procedures Guide (PAPPG) carefully, as it will be strictly adhered to even if other directives or communications appear to contradict it. Currently, the average standard/CAREER award size is $175,000-$225,000 per year for 3-5 years. Awards in excess of $1.0 million are exceptionally rare and almost always multidisciplinary. Please be judicious in your requests, understanding the realities of the limited funding available for all proposals. See the Listing of Active Cognitive Neuroscience Awards for additional award information. Declined proposals are ineligible for resubmission until a minimum of one year has passed since the due date of their initial submission, unless specifically allowed by the PO in the feedback received during the decline process. This moratorium allows investigators the time required to digest the results of the merit review and revise their proposal accordingly. A proposal that has not been substantially revised will be returned without review as per the PAPPG. PIs are strongly encouraged to submit the Single Copy Document titled ""List of Suggested Reviewers"" with their full proposal. Sharing of data and other materials is an expectation for funded research. Please consult the NSF Dear Colleague Letter: Effective Practices for Data for more details. Interested in talking with a program director? Send a one-page description of the proposed research to sbe-cogneuro@nsf.gov."
"Research Experiences for Undergraduates","U.S. National Science Foundation","","2026-08-19","2023-06-29","500000","84800000","","Others (see text field entitled ""Additional Information on Eligibility"" for clarification)","52","23-601","http://www.nsf.gov/publications/pub_summ.jsp?ods_key=nsf23601","undergraduate; science","The Research Experiences for Undergraduates (REU) program supports active research participation by undergraduate students in any of the areas of research funded by the National Science Foundation. REU projects involve students in meaningful ways in ongoing research programs or in research projects specifically designed for the REU program. This solicitation features two mechanisms for supporting student research: REU Sites are based on independent proposals to initiate and conduct projects that engage a number of students in research. REU Sites may be based in a single discipline or academic department or may offer interdisciplinary or multi-department research opportunities with a coherent intellectual theme. REU Supplements may be included as a component of proposals for new or renewal NSF grants or cooperative agreements or may be requested for ongoing NSF-funded research projects. REU projects with an international dimension are welcome. Undergraduate student participants in either REU Sites or REU Supplements must be U.S. citizens, U.S. nationals,or U.S. permanent residents. Students do not apply to NSF to participate in REU activities, and NSF does not select students for the opportunities. Investigators who receive REU awards establish their own process for receiving and reviewing applications and selecting students, and students follow the instructions provided by each REU Site or REU Supplement to apply. (In some cases, investigators pre-select students for REU Supplements.) To identify appropriate REU Sites, students should consult the directory of active REU Sites on the Web at https://www.nsf.gov/crssprgm/reu/reu_search.cfm ."
"Robert Noyce Teacher Scholarship Program","U.S. National Science Foundation","","2026-08-25","2023-05-09","3250000","68000000","","Others (see text field entitled ""Additional Information on Eligibility"" for clarification)","96","23-586","http://www.nsf.gov/publications/pub_summ.jsp?ods_key=nsf23586","teacher; district; stem; k-12; undergraduate; retention; science; technology","The National Science FoundationRobert Noyce Teacher Scholarship Program (Noyce)invites innovative proposals that address the critical need for recruiting, preparing, and retaining highly effective elementary and secondary mathematics and science teachers and teacher leaders who persist as classroom teachers in high-need Local Education Agencies (LEA), (a.k.a. high-need school district). To achieve this goal, Noyce supports talented science, technology, engineering, and mathematics (STEM) undergraduate majors and professionals to become effective K-12 STEM teachers. It also supports experienced, exemplary K-12 STEM teachers to become teacher leaders who continue as classroom teachers in high-need school districts. NSF welcomes submission of proposals to this funding opportunity that include the participation of the full spectrum of talent in STEM, e.g., as PI, co-PI, senior personnel, postdoctoral scholars, graduate or undergraduate students or trainees. In addition, the Noyce program supports research on the effectiveness and retention of K-12 STEM teachers in high-need school districts. Noyce offers four program tracks:Track 1: The RobertNoyce Teacher Scholarships and Stipends (S&S) Track, Track 2: The NSF Teaching Fellowships (TF) Track, Track 3: The NSFMaster Teaching Fellowships (MTF) Track, and Track 4: The Noyce Research Track. In addition,Capacity Buildingproposals are accepted from proposers intending to develop a proposal in any of the program's tracks. Noyce also supports conference proposals focused on improving STEM teacher preparation. Proposals that support authentic Research Experiences in STEM Settings (RESS) for Noyce and/or non-Noyce pre-service and in-service STEM teachers are also invited. Table 1:Categories of Noyce Funding* Intended Outcome Eligible Scholars and Fellows Length of Required Teaching Commitment Track 1: Scholarships and Stipends (S&S) up to $1,200,000 with a duration of up to 5 years Develop K-12 STEM teachers in high-need school districts (a.k.a. high-need LEA) Noyce-eligible STEM undergraduate majors & STEM professionals 2 years/year for which scholarship support was received Track 2: Teaching Fellowships (TF) up to $3,000,000, with a duration of up to 6 years Noyce-eligible STEM professionals 4 years Track 3: Master Teaching Fellowships (MTF) up to $3,000,000, with a duration of up to 6 years Develop K-12 STEM teacher leaders in high- need school districts(a.k.a. high-need LEA) Experienced and exemplary K-12 STEM teachers with a bachelor's degree or master's degree in their field 5 years Track 4: Noyce Research up to $1,000,000, with a duration of up to 5 years Research effectiveness and retention of K-12 STEM teachers in high-need school districts(a.k.a. high-need LEA) N/A N/A Capacity Building up to $100,000 , with a duration of up to 1 year Prepare for future Noyce submission N/A N/A *Awards may exceed the budget maximums through Collaboration Incentives for engagement of community colleges in Capacity Building or Track 1 projects, engagement with Noyce awards in Track 4 projects. See Section III: Award Information for additional details. The budgets for conference proposals or for authentic Research Experiences in STEM Settings should be commensurate with the proposed work and must be discussed with a Noyce Program Officer prior to submission."
"Methodology, Measurement, and Statistics","U.S. National Science Foundation","","2026-08-27","2019-04-10","","3760000","","Others (see text field entitled ""Additional Information on Eligibility"" for clarification)","82","19-575","http://www.nsf.gov/publications/pub_summ.jsp?ods_key=nsf19575","career; science; statistical","The Methodology, Measurement, and Statistics (MMS) Program is an interdisciplinary program in the Directorate for Social, Behavioral, and Economic Sciences that supports the development of innovative analytical and statistical methods and models for those sciences. MMS seeks proposals that are methodologically innovative, grounded in theory, and have potential utility for multiple fields within the social, behavioral, and economicsciences. As part of its larger portfolio, the MMS Program partners with a consortium of federal statistical agencies to support research proposals that further the production and use of official statistics. The MMS Program provides support through a number of different funding mechanisms. The following mechanisms are addressed in this solicitation: Regular Research Awards Awards for conferences and community-development activities Doctoral Dissertation Research Improvement (DDRI) Grants Research Experience for Undergraduates (REU) Supplements MMS also supports Faculty Early Career Development (CAREER) awards. Please see the CAREER Program Web Site for more informationabout this activity."
"Pathways to Enable Secure Open-Source Ecosystems","U.S. National Science Foundation","","2026-09-01","2026-02-19","","40000000","","Others (see text field entitled ""Additional Information on Eligibility"" for clarification)","100","26-506","http://www.nsf.gov/publications/pub_summ.jsp?ods_key=nsf26506","ai; artificial intelligence; machine learning; data; open; privacy; learning; science","The Pathways to Enable Secure Open-Source Ecosystems (PESOSE) program supports the translation of open-source science and engineering-focused research products into safe and sustainable ecosystems that address national and societal challenges. Open-source tools such as software, hardware, machine learning models, languages, and data platforms are designed to be shared as they are publicly-accessible and modifiable. These tools spark innovation in critical fields as varied as artificial intelligence (AI) and cloud computing, banking, healthcare, research, education, next-gen manufacturing, mobility, and National security (including cybersecurity). PESOSE supports the creation of managing organizations for these ecosystems, ensuring strong governance, distributed development, and broad user communities across academia, industry, and government. PESOSE also supports enhancements to the safety, security, and privacy of Open-Source Ecosystems (OSE) by addressing significant vulnerabilities, both technical and socio-technical, to improve the resistance of the ecosystem against threats. This solicitation seeks three types of proposals, allowing teams to propose specific activities to:1) scope and planthe establishment of an OSE, 2)establishand expand a sustainable OSE based on a robust, promising open-source product that meets an emergent societal or national need, and 3) improve the safety, security, and privacy of an existing OSE and its products."
"Tribal Colleges and Universities Program","U.S. National Science Foundation","","2026-09-01","2021-06-24","3500000","10799836","","Others (see text field entitled ""Additional Information on Eligibility"" for clarification)","100","21-595","http://www.nsf.gov/publications/pub_summ.jsp?ods_key=nsf21595","artificial intelligence; data; infrastructure; learning; assessment; workforce; professional development; implementation","The Tribal Colleges and Universities Program (TCUP) provides awards to federally recognized 1 Tribal Colleges and Universities, Alaska Native-serving institutions, and Native Hawaiian-serving institutions to promote high quality science (including sociology, psychology, anthropology, linguistics, economics and bioeconomics, statistics, and other social and behavioral sciences; natural sciences; computer science, including, but not limited to, artificial intelligence, quantum information science, and cybersecurity), technology, engineering and mathematics (STEM), STEM education, research, and outreach. Support is available to TCUP-eligible institutions (see the Additional Eligibility subsection of Section IV of this solicitation) for transformative capacity-building or community engagement projects through Instructional Capacity Excellence in TCUP Institutions (ICE-TI), Targeted STEM Infusion Projects (TSIP),TCUP for Secondary and Elementary Teachers in STEM (TSETS), TCU Enterprise Advancement Centers (TEA Centers), Cyberinfrastructure Health, Assistance, and Improvements (CHAI), and Preparing for TCUP Implementation (Pre-TI). Collaborations led by TCUP institutions that involve non-TCUP institutions of higher education are supported through TCUP Partnerships, with the participation of other NSF programs to support the work of non-TCUP institutions. Finally, research studies that further the scholarly activity of individual faculty members are supported through Small Grants for Research (SGR). Through the opportunities highlighted above, as well as collaborations with other National Science Foundation (NSF) divisions and directorates, and other organizations,TCUPaims toincrease Native individuals' participation in STEM careers, improve the quality of STEM programs atTCUP-eligible institutions, and facilitate the development of a strong STEM enterprise in TCUP institutions' service areas. TCUP supports transformative capacity-building, community engagement, or research projects at TCUP-eligible institutions through the following funding tracks: Instructional Capacity Excellence in TCUP Institutions (ICE-TI) projects provide support to design, implement, and assess comprehensive institutional improvements in STEM education and research capacity at TCUP-eligible institutions of higher education. By strengthening STEM education and STEM education research, successful projects will increase the number of STEM students and improve the quality of their preparation. ICE-TI projects create and/or adapt and assess innovative models and materials for teaching and learning in STEM, embody knowledge about how students learn most effectively in STEM teaching and learning activities, and bring STEM disciplinary advances into the undergraduate or graduate experience. The objective of this strand is to expand STEM degrees offered by TCUP-eligible institutions or significantly enhance instructional approaches. Targeted STEM Infusion Projects (TSIP) support the attainment of a short-term, well-defined goal to improve the quality of STEM education at an eligible institution. Targeted STEM Infusion Projects could, for example, enhance academic infrastructure by systematically adding traditional knowledge to the scope or content of a STEM course, updating curricula, modernizing laboratory research equipment, developing and delivering professional development for K-12 STEM educators, or improving the computational infrastructure.The objective of this strand is to expand STEM degrees or significantly enhance instructional approaches. TCUP for Secondary & Elementary Teachers in STEM (TSETS) supports in-service professional development in STEM disciplinary or STEM education content and/or research for K-12 STEM teachers in the relevant service area. Examples of project activities include, but are not limited to, professional development involving seminar series and engagement in STEM instruction and content during the academic year, structured series of summer intensive workshops and trainings, and summer research opportunities. The objective of this strand is to broaden the instructional capacity for STEM in the K-12 workforce and thereby to the entire community, and to build the capacity for STEM disciplinary or education research among participating educational professionals. TCU Enterprise Advancement Centers (TEA Centers) coalesce the STEM and/or STEM education expertise into a team, designed to support and promote the STEM goals, needs, aspirations, or interests of the chartering reservation or tribe(s). TEA Centers may address a critical tribal or community need or focus on a realm of research or design that is beyond the scope of individual research grants or that is of interest to multiple tribes. The objective of this strand is to build on the capacity developed through prior TCUP support and apply expertise to collaborations with communities in the institution's service area, or nationally. The Cyberinfrastructure Health, Assistance, and Improvements (CHAI) strand supports projects at TCUP-eligible institutions of higher education to upgrade the cyberinfrastructure necessary to conduct, expand, manage and administer STEM programs of study, including research. The objective of this strand is to equip TCUP institutions to meet the demands of virtual instruction, advanced computing, and data science opportunities. Preparing for TCUP Implementation (Pre-TI) provides support for activities that prepare an institution for Implementation-level projects.Consequently, they are available only to TCUP-eligible institutions of higher education that have never received TCUP support, have not received TCUP support within the previous five years, or are embarking on a significantly novel STEM strategic plan. Examples of supported activities include completing an institutional assessment of its current STEM instructional capacity, or engaging in conversations necessary to formulate a shared vision of what that capacity should be and how to achieve it. Pre-TI awards can support staff and faculty release time, travel, stakeholder gatherings, and associated administrative costs.The objective of this strand is to conduct self-studies and formulate strategic plans for the development of STEM instructional programs of study. The TCUP Partnerships strand provides support for collaborations that will improve TCUP institutions' instructional and research capacity in STEM fields supported by NSF; attract, retain, and support TCUP students in internships and research endeavors deemed to be necessary for a complete curriculum offering; and engage partner universities to provide an academic grounding and a successful transition for students who wish to study or attain degrees in STEM fields supported by NSF. TCUP Partnerships broaden the number of scientific disciplines available to students at TCUP institution through collaborations with non-TCUP institutions. Active Pre-Engineering Education Collaboratives or Partnerships in Geoscience Education awards are not affected by this revision. The objective of this strand is the development, through instructional and research capacity-building, of academic and career pathways for TCUP students through supporting collaborative projects between and among TCUP and non-TCUP institutions. Interested teams of collaborators for which a TCUP institution serves as lead should contact the TCUP program directors. Support for non-TCUP partners must be obtained from other NSF programs, which follows the procedures of the prior Partnership strands. Small Grants for Research (SGR) strand support STEM or STEM Education faculty members at TCUP-eligible institutions to initiate or pursue research projects or programs that may include undergraduate or graduate student engagement. Awards are intended to help further the faculty member's research capability and effectiveness; improve research and teaching at his or her home institution and create and study new models and innovations in STEM teaching and learning. International research or collaborations are strongly encouraged. TCUP students may seek support for international research opportunities under the guidance of a TCUP STEM or STEM education faculty member and an international research collaborator. These awards are particularly appropriate as a means of recruiting and retaining highly qualified scientists, engineers, and educators at TCUP-eligible institutions. The objective of this strand is to support faculty research and professional development that build research capacity at TCUP institutions. [1] Executive Order 13021 defines Tribal Colleges and Universities (""tribal colleges"") as those institutions cited in section 532 of the Equity in Educational Land-Grant Status Act of 1994 (7 U.S.C. 301 note), and other institutions that qualify for funding under the Tribally Controlled Community College Assistance Act of 1978, (25 U.S.C. 1801 et seq.), as well as Navajo Community College as authorized in the Navajo Community College Assistance Act of 1978, Public Law 95-471, Title II (25 U.S.C. 640a note). The term ""Alaska Native-serving institution"" means an institution of higher education that is an eligible institution under section 1058(b) of the Higher Education Act; and that, at the time of submission, has an undergraduate enrollment that is at least 20 percent Alaska Native students. The term ""Native Hawaiian-serving institution"" means an institution of higher education that is an eligible institution under section 1058(b) of the Higher Education Act; and that, at the time of submission, has an undergraduate enrollment that is at least 10 percent Native Hawaiian students. Most TCUP-eligible institutions of higher education are two-year or community colleges. See the Who May Submit Proposals section in this solicitation for further details."
"U.S. National Science Foundation Research Traineeship (NRT) Program","U.S. National Science Foundation","","2026-09-08","2024-08-17","3000000","53000000","","Others (see text field entitled ""Additional Information on Eligibility"" for clarification)","100","24-597","http://www.nsf.gov/publications/pub_summ.jsp?ods_key=nsf24597","learning; evidence; workforce; stem; workforce development; skills; science; technology","The NSF Research Traineeship (NRT) program seeks proposals that explore ways for graduate students in research-based master's and doctoral degree programs to develop the skills, knowledge, and competencies needed to pursue a range of STEM careers. The program is dedicated to effective training of STEM graduate students in high priority interdisciplinary or convergent research areas, through a comprehensive traineeship model that is innovative, evidence-based, and aligned with changing workforce and research needs. Proposals are requested that address any interdisciplinary or convergent research theme of national priority, as described in section II.D below. The NRT program addresses workforce development, emphasizing broad participation, and institutional capacity building needs in graduate education. The program encourages proposals that involve strategic collaborations with the private sector, non-governmental organizations (NGOs), government agencies, national laboratories, field stations, teaching and learning centers, informal science centers, and academic partners. NRT especially welcomes proposals that reflect collaborations between NRT proposals and existing NSF Eddie Bernice Johnson Inclusion across the Nation of Communities of Learners of Underrepresented Discoverers in Engineering and Science (INCLUDES) Initiative , Research Experiences for Undergraduates (REU) , Louis Stokes Alliances for Minority Participation (LSAMP) , NSF Scholarships in Science, Technology, Engineering, and Mathematics (S-STEM) , and NSF STEM Ed Organizational Postdoctoral Fellowship program (STEM Ed OPRF) projects, provided the collaboration will strengthen both projects. Researchers at minority serving institutions and emerging research institutions are strongly encouraged to submit proposals. Collaborations between NRT proposals and existing NSF INCLUDES projects should strengthen both NRT and INCLUDES projects."
"IUSE/Professional Formation of Engineers: Revolutionizing Engineering Departments","U.S. National Science Foundation","","2026-09-08","2024-04-05","2000000","8000000","","Others (see text field entitled ""Additional Information on Eligibility"" for clarification)","100","24-564","http://www.nsf.gov/publications/pub_summ.jsp?ods_key=nsf24564","artificial intelligence; learning; evidence; implementation; stem; higher education; undergraduate; skills","Revolutionizing Engineering Departments (hereinafter referred to as RED) is designed to build upon previous efforts in engineering education research. Specifically, previous and ongoing evaluations of the NSF Engineering Education and Centers Division program and its predecessors, as well as those related programs in the Directorate for STEM Education, have shown that prior investments have significantly improved the first year of engineering students' experiences, incorporating engineering material, active learning approaches, design instruction, and a broad introduction to professional skills and a sense of professional practice - giving students an idea of what it means to become an engineer. Similarly, the senior year has seen notable change through capstone design experiences, which ask students to synthesize the technical knowledge, skills, and abilities they have gained with professional capacities, using reflective judgment to make decisions and communicate these effectively. However, this ideal of the senior year has not yet been fully realized, because many of the competencies required in capstone design, or required of professional engineers, are only partially introduced in the first year and not carried forward with significant emphasis through the sophomore and junior years. The Directorates for Engineering (ENG) and STEM Education (EDU) are funding projects as part of the RED program, in alignment with the Improving Undergraduate STEM Education (IUSE) framework and Professional Formation of Engineers (PFE) initiative. These projects are designing revolutionary new approaches to engineering education, ranging from changing the canon of engineering to fundamentally altering the way courses are structured to creating new departmental structures and educational collaborations with industry. A common thread across these projects is a focus on organizational and cultural change within the departments, involving students, faculty, staff, and industry in rethinking what it means to provide an engineering program. In order to continue to catalyze revolutionary approaches, while expanding the reach of those that have proved efficacious in particular contexts, the RED program supports four tracks: RED Planning (Track 1), RED Adaptation and Implementation (Track 2), RED Innovation (Track 3), and RED Innovation Partnerships (Track 4). Two- and four-year institutions are encouraged to submit to any track as appropriate for their goals and context. RED Planning (Track 1) projects will support capacity-building activities at institutions of special interest to NSF's mission, including two-year engineering-centered programs building transfer partnerships, two-year or four-year institutions in EPSCoR jurisdictions, Primarily Undergraduate Institutions (PUIs), and Institutions of Higher Education (IHEs)in order to create more opportunities in engineering for students in every part of the country. Planning projects should provide the support for such institutions to explore the development of a RED Projects in Tracks 2, 3, & 4. RED Adaptation and Implementation (Track 2) projects will adapt and implement evidence-based organizational change strategies and actions to the local context, which helps propagate this transformation of undergraduate engineering education. RED Innovation (Track 3) projects will develop new, revolutionary approaches and change strategies that enable the transformation of undergraduate engineering education. RED Innovation Partnerships (Track 4) projects will achieve the same goals as Track 3 projects across multiple institutions. Of particular interest to this track are projects partnering two-year institutions with other eligible institutions. Projects in tracks 2, 3, & 4 will include consideration of the cultural, organizational, structural, and pedagogical changes needed to transform one or more departments to ones in which students are engaged, develop their technical and professional skills, and establish identities as professional engineers or technologists. The focus of projects in these tracks should be on the department's disciplinary courses and program. RED project initiatives are expected to be institutionalized at the end of the funding period. Proposals are especially encouraged that address areas of increased national interest including but not limited to advanced manufacturing, advanced wireless, artificial intelligence, biotechnology, microelectronics and semiconductors, net zero technologies, sustainability, systems engineering, and quantum engineering."
"A Science of Science Approach to Analyzing and Innovating the Biomedical Research Enterprise","U.S. National Science Foundation","","2026-09-09","2023-03-21","250000","2000000","","Unrestricted (i.e., open to any type of entity above), subject to any clarification in text field entitled ""Additional Information on Eligibility""","68","23-569","http://www.nsf.gov/publications/pub_summ.jsp?ods_key=nsf23569","workforce; science; engineering","The National Science Foundation (NSF) and the National Institutes of Health (NIH) are interested in proposals that will propel our understanding of the biomedical research enterprise by drawing from the scientific expertise of the science of science policy research community. NSF promotes the progress of science by maintaining the general health of research and education across all fields of science and engineering. The Social, Behavioral and Economic Sciences (SBE) Directorate within NSF supports basic research on people and society. The SBE sciences focus on human behavior and social organizations; how social, economic, political, cultural and environmental forces affect the lives of people from birth to old age; and how people in turn shape those forces. SBE's Science of Science: Discovery, Communication and Impact Program (SoS:DCI) supports research designed to advance the scientific basis of science and innovation policy. The NIH is the U.S. federal agency charged with supporting biomedical research in the U.S.The National Institute of General Medical Sciences (NIGMS) within the NIH supports basic biomedical research that increases understanding of biological processes and lays the foundation for advances in disease diagnosis, treatment and prevention. Both NSF and NIH believe that there are opportunities and needs for building and supporting research projects with a focus on the scientific research enterprise. The two agencies also recognize that when programmatic goals are compatible, coordinated management and funding of a research program can have a positive synergistic effect on the level and scope of research and can leverage the investments of both agencies. Therefore, NIGMS and SBE are partnering to enable collaboration in research between theSoS:DCI program and NIGMS. This partnership will result in a portfolio of high-quality research to provide scientific analysis of important aspects of the biomedical research enterprise and efforts to foster a diverse, innovative, productive and efficient scientific workforce, from which future scientific leaders will emerge. Prospective investigators are strongly encouraged to discuss theirproposals with the program officers before submission to determine project relevance to the priorities of both SBE and NIGMS. Specific questions pertaining to this solicitation can also be directed to the SBE and NIGMS program officers."
"Computer and Information Science and Engineering (CISE): Future Computing Research","U.S. National Science Foundation","","2026-09-10","2025-07-25","12000000","280000000","","Others (see text field entitled ""Additional Information on Eligibility"" for clarification)","72","25-543","http://www.nsf.gov/publications/pub_summ.jsp?ods_key=nsf25543","science; technology; engineering; cyber","The NSF CISE Directorate supports research and education projects that develop new knowledge in all aspects of computing, communications, and information science and engineering through the following Future Computing Research (Future CoRe) programs: Algorithmic Foundations (AF) program; Communications and Information Foundations (CIF) program; Computer Systems Research (CSR) program; Computing Education Research (CER) program; Cyber-Physical System Foundations and Connected Communities (CPS) program; Foundations of Emerging Technologies (FET) program; Human-Centered Computing (HCC) program; Information Integration and Informatics (III) program; Networking Technology and Systems (NeTS) program; Robust Intelligence (RI) program;and Software and Hardware Foundations (SHF) program; The CISE Future Computing Research program anticipates a portfolio of awards with a range of budgets and durations, including projects of smaller scope. Project durations and budgets must be commensurate with the scope of the proposed work up to the maximum limit of $1,000,000 with a duration up to 4 years. Typical projects are approximately $150,000 to $250,000 per year and are 3 to 4 years in duration. Projects are discouraged from exceeding $300,000 in any single year. Estimated program budget, number of awards, and average award size/duration are subject to the availability of funds."
"Probability","U.S. National Science Foundation","","2026-09-15","2024-04-03","","","","Unrestricted (i.e., open to any type of entity above), subject to any clarification in text field entitled ""Additional Information on Eligibility""","24","PD-18-1263","http://www.nsf.gov/funding/pgm_summ.jsp?pims_id=5555","science; engineering","The Probability Program supports research on the theory and applications of probability. Subfields include discrete probability, stochastic processes, limit theory, interacting particle systems, stochastic differential and partial differential equations, and Markov processes. Research in probability which involves applications to other areas of science and engineering is especially encouraged. Conferences Principal Investigators should carefully read the program solicitation &quot;Conferences and Workshops in the Mathematical Sciences&quot; (link below) to obtain important information regarding the substance of proposals for conferences, workshops, summer/winter schools, and similar activities. Conference and workshop proposals should be submitted eight months before the requested start date."
"Foundations","U.S. National Science Foundation","","2026-09-22","2018-03-29","","2300000","","Unrestricted (i.e., open to any type of entity above), subject to any clarification in text field entitled ""Additional Information on Eligibility""","24","PD-18-1268","http://www.nsf.gov/funding/pgm_summ.jsp?pims_id=5548","science; mathematics","The program in Foundations supports research in mathematical logic and the foundations of mathematics, including proof theory, recursion theory, model theory, set theory, and infinitary combinatorics. Conferences Principal Investigators should carefully read the program solicitation &quot;Conferences and Workshops in the Mathematical Sciences&quot; (link below) to obtain important information regarding the substance of proposals for conferences, workshops, summer/winter schools, and similar activities. Conference and workshop proposals should be submitted eight months before the requested start date."
"Combinatorics","U.S. National Science Foundation","","2026-09-22","2018-03-29","","","","Unrestricted (i.e., open to any type of entity above), subject to any clarification in text field entitled ""Additional Information on Eligibility""","20","PD-18-7970","http://www.nsf.gov/funding/pgm_summ.jsp?pims_id=503570","science","The Combinatorics program supports research on discrete structures and includes algebraic, enumerative, existential, extremal, geometric, and probabilistic combinatorics, including graph theory. Conferences Principal Investigators should carefully read the program solicitation &quot;Conferences and Workshops in the Mathematical Sciences&quot; (link below) to obtain important information regarding the substance of proposals for conferences, workshops, summer/winter schools, and similar activities. Conference proposals must be submitted at least six months in advance of the conference, and in the same fiscal year (which begins October 1) if possible."
"Security, Privacy, and Trust in Cyberspace","U.S. National Science Foundation","","2026-09-28","2024-12-06","1200000","60000000","","Others (see text field entitled ""Additional Information on Eligibility"" for clarification)","100","25-515","http://www.nsf.gov/publications/pub_summ.jsp?ods_key=nsf25515","data; infrastructure; privacy; outcomes; workforce; stem; science; engineering","Our world is at a pivotal moment where the boundaries dividing the physical and social worlds from the cyber world have become blurred. Cyberspace has evolved from an interconnected digital environment into a complex and interdependent cyber ecosystem that involves hardware, software, networks, data, people, organizations, countries, and the physical world. Critical functions of everyday life are deeply intertwined with computing, including health, government, commerce, the public sphere, education, critical infrastructure, interpersonal communication, and transportation. The complexity and inter-dependencies in cyberspace can be misused and exploited by malicious actors. These in turn can trigger adverse outcomes such as disruption of critical infrastructure and systems; theft of intellectual property and sensitive data; amplification of inequalities; disclosure of private information of individuals, organizations, and governments; and threats to lives, livelihoods, and reputations. Furthermore, constant attacks on the data and assets of corporations, governments, and individuals undermine people's trust in decision-making and processes that depend critically on these cyber systems. The Security, Privacy, and Trust in Cyberspace (SaTC 2.0) program aims to build trust in global cyber ecosystems. Trust is the core tenet of this program and, for the purposes of this solicitation, is broadly defined to include our confidence in the security, privacy, and resilience of cyberspace, particularly in the face of malicious intent. Achieving this level of confidence in cyberspace requires not only understanding the vulnerabilities in a system that could be exploited and how they can be addressed, but also understanding the social and technical dimensions of trust in cyber systems, along with the educational efforts needed to increase public awareness of risks in cyberspace, and building a well-trained corps of privacy and security professionals. SaTC 2.0 spans the interests of NSF's Directorates for Computer and Information Science and Engineering (CISE), Mathematical and Physical Sciences (MPS), Social, Behavioral and Economic Sciences (SBE), and STEM Education (EDU). Proposals must be submitted pursuant to one of the following designations, each of which may have additional requirements: RES: The Research (RES) designation is the focus of the multidisciplinary SaTC 2.0 research program. RES projects are limited to $1,200,000 in total budget, with durations of up to four years. Proposals with a total budget of more than $600,000 have additional requirements including Broadening Participation in Computing and collaboration plans. RES proposals may include an optional Transition to Education (TTE) plan with a budget up to $50,000 (within the RES total budget request) to co-evolve novel educational initiatives in the context of the proposed research. EDU: The Education (EDU) designation is used to identify proposals focusing on education and workforce training in building trust in security, privacy, and resilience of cyberspace. EDU proposals are limited to $500,000 in total budget, with durations of up to three years. EDU proposals that primarily focus on education research with demonstrated collaboration, as reflected in the PI team between cybersecurity subject matter experts and education researcher(s), may request an additional $100,000 beyond the $500,000 limit. SEED: The Seedling (SEED) category is intended for special topics defined by accompanying Dear Colleague Letters. SEED projects are limited to $300,000 in total budget, with durations of up to two years."
"Advanced Technological Education","U.S. National Science Foundation","","2026-10-01","2024-06-25","7500000","74000000","","Others (see text field entitled ""Additional Information on Eligibility"" for clarification)","100","24-584","http://www.nsf.gov/publications/pub_summ.jsp?ods_key=nsf24584","workforce; professional development; stem; higher education; college; career; workforce development; retention","With a focus on two-year Institutions of Higher Education (IHEs), the Advanced Technological Education (ATE) program supports the education of technicians for the high-technology fields that drive our nation's economy. The program involves partnerships between academic institutions (grades 7-12, IHEs), industry, and economic development agencies to promote improvement in the education of science and engineering technicians. It is strongly recommended that projects be faculty-led and required that courses and programs are credit-bearing, although materials developed may also be used for incumbent worker education. Materials may also be adapted and implemented as credit-bearing courses. The ATE program supports curriculum development; professional development of college faculty and secondary school teachers; career pathway development for both students and incumbent workers; and other activities including applied research projects that advance the knowledge base related to technician education. The ATE program encourages partnerships with other entities that may impact technician education. For example, with the National Institute of Standards and Technology (NIST) Manufacturing Extension Partnerships (MEPs) ( http://www.nist.gov/mep/index.cfm ) as applicable to support technician education programs and the industries they serve; and Manufacturing USA Institutes( https://manufacturing.gov/ ) addressing workforce development issues. The ATE program encourages proposals from Minority Serving Institutions as well as other institutions that support the recruitment, retention, and completion (certificate, degree, program)of the full spectrum of diverse talent that society has to offer, which includes underrepresented and underserved communities, in STEM technician education programs that award associate degrees."
"EDU Core Research","U.S. National Science Foundation","","2026-10-01","2026-05-15","2500000","35000000","","Unrestricted (i.e., open to any type of entity above), subject to any clarification in text field entitled ""Additional Information on Eligibility""","80","21-588","http://www.nsf.gov/publications/pub_summ.jsp?ods_key=nsf21588","learning; workforce; stem; workforce development; science; broadening participation","The EDU Core Research (ECR) program offers this ECR:Core solicitation and invites proposals for fundamental research (curiosity-driven basic research and use-inspired basic research) that contributes to the general, explanatory knowledge that underlies STEM education in one or more of the three broadly conceived Research Areas: Research onSTEM Learning and Learning Environments, Research on Broadening Participation in STEM fields, andResearch on STEM Workforce Development. Within this framework, the ECR program supports a wide range of fundamental STEM education research activities, aimed at learners of all groups and ages in formal and informal settings. Fundamental researchgenerates knowledge and understanding with the potential for broad relevance. The potential implications of ECR fundamental research for improving STEM education practice may be indirect and long-term rather than direct and immediate. Moreover, whether they include basic or use-inspired basic research, all successful ECR:Core proposals focus on the advancement or refinement of foundational knowledge for STEM education. The amount of funding and duration requested in proposals submitted to the ECR:Core solicitation should align with the maturity of the proposed work and the size and scope of the empirical effort. The solicitation has three levels of funding with a range of budget sizes, and proposals may request a duration of 3 to 5 years for any level: (1)Level I proposals may request up to $500,000; (2)Level II proposals may request up to $1,500,000; (3)Level III proposalsmay request up to $2,500,000. All proposals should justify the level of funding and duration in the project description."
"Mathematical Foundations of Artificial Intelligence","U.S. National Science Foundation","","2026-10-09","2024-05-02","1500000","8500000","","Others (see text field entitled ""Additional Information on Eligibility"" for clarification)","100","24-569","http://www.nsf.gov/publications/pub_summ.jsp?ods_key=nsf24569","ai; artificial intelligence; machine learning; learning; science; technology; engineering; mathematics","Machine Learning and Artificial Intelligence (AI) are enabling extraordinary scientific breakthroughs in fields ranging from protein folding, natural language processing, drug synthesis, and recommender systems to the discovery of novel engineering materials and products. These achievements lie at the confluence of mathematics, statistics, engineering and computer science, yet a clear explanation of the remarkable power and also the limitations of such AI systems has eluded scientists from all disciplines. Critical foundational gaps remain that, if not properly addressed, will soon limit advances in machine learning, curbing progress in artificial intelligence. It appears increasingly unlikely that these critical gaps can be surmounted with increased computational power and experimentation alone. Deeper mathematical understanding is essential to ensuring that AI can be harnessed to meet the future needs of society and enable broad scientific discovery, while forestalling the unintended consequences of a disruptive technology. The National Science Foundation Directorates for Mathematical and Physical Sciences (MPS), Computer and Information Science and Engineering (CISE), Engineering (ENG), and Social, Behavioral and Economic Sciences (SBE) will jointly sponsor research collaborations consisting of mathematicians, statisticians, computer scientists, engineers, and social and behavioral scientists focused on the mathematical and theoretical foundations of AI. Research activities should focus on the most challenging mathematical and theoretical questions aimed at understanding the capabilities, limitations, and emerging properties of AI methods as well as the development of novel, and mathematically grounded, design and analysis principles for the current and next generation of AI approaches. Specific research goals include: establishing a fundamental mathematical understanding of the factors determining the capabilities and limitations of current and emerging generation s of AI systems, including, but not limited to, foundation models, generative models, deep learning, statistical learning, federated learning, and other evolving paradigms; the development of mathematically grounded design and analysis principles for the current and next generations of AI systems; rigorous approaches for characterizing and validating machine learning algorithms and their predictions; research enabling provably reliable, translational, general-purpose AI systems and algorithms; e ncouragement of new collaborations &#8239;in this interdisciplinary research community and between institution s. The overall goal is to establish innovative and principled design and analysis approaches for AI technology using creative yet theoretically grounded mathematical and statistical frameworks, yielding explainable and interpretable models that can enable sustainable, socially responsible, and trustworthy AI."
"Engineering Research Initiation","U.S. National Science Foundation","","2026-10-09","2026-07-17","","11000000","","Others (see text field entitled ""Additional Information on Eligibility"" for clarification)","64","24-590","http://www.nsf.gov/publications/pub_summ.jsp?ods_key=nsf24590","science; engineering","The NSF Directorate for Engineering (ENG) seeks to build engineering research capacity across the nation by investing in new academic investigators who have yet to receive sufficient research funding from Federal Agencies. The Engineering Research Initiation (ERI) program will support new investigators as they initiate their research programs and advance in their careers as researchers, educators, and innovators. This funding opportunity aims to broaden the base of investigators involved in engineering research and therefore is limited to investigators that are not affiliated with ""very high research activity"" R1 institutions (according to the Carnegie Classification https://carnegieclassifications.iu.edu/ )."
"Algebra and Number Theory","U.S. National Science Foundation","","2026-10-09","2020-10-06","","","","Unrestricted (i.e., open to any type of entity above), subject to any clarification in text field entitled ""Additional Information on Eligibility""","48","PD-20-1264","http://www.nsf.gov/funding/pgm_summ.jsp?pims_id=5431","science","The Algebra and Number Theory program supports research in algebra, algebraic and arithmetic geometry, number theory, and representation theory. Conference proposals The Algebra and Number Theory program also provides support for conferences, workshops, summer/winter schools, and similar activities. Proposals should be submitted to PD 20-1264 using the ""Conference"" proposal type in research.gov. Proposals with budgets not exceeding $50,000, which in accordance with NSF policy can be reviewed internally, should be submitted: in May for events that will take place in January through April of the following year in October for events that will take place in May through December of the following year. In order to allow time for external review, proposals with budget requests exceeding $50,000 should be submitted nine to twelve months before the event is scheduled to take place."
"Research Experiences for Teachers (RET) in Engineering and Computer Science","U.S. National Science Foundation","","2026-10-14","2023-10-31","","5800000","","Others (see text field entitled ""Additional Information on Eligibility"" for clarification)","72","24-503","http://www.nsf.gov/publications/pub_summ.jsp?ods_key=nsf24503","science; engineering; computer science; pathways","The Research Experiences for Teachers (RET) in Engineering and Computer Science program supports authentic summer research experiences for K-14 educators to foster long-term collaborations between universities, community colleges, school districts, and industry partners. With this solicitation, the Directorates for Engineering (ENG) and Computer and Information Science and Engineering (CISE) focus on a reciprocal exchange of expertise between K-14 educators and research faculty and (when applicable) industry mentors. K-14 educators will enhance their scientific disciplinary knowledge in engineering or computer science and translate their research experiences into classroom activities and curricula to broaden their students' awareness of and participation in computing and engineering pathways. At the same time, the hosting research faculty will deepen their understanding of classroom practices, current curricula, pedagogy, and K-14 educational environments."
"Historically Black Colleges and Universities - Excellence in Research","U.S. National Science Foundation","","2026-10-20","2023-06-08","","28000000","","Others (see text field entitled ""Additional Information on Eligibility"" for clarification)","64","23-598","http://www.nsf.gov/publications/pub_summ.jsp?ods_key=nsf23598","hbcu; science","The Historically Black Colleges and Universities - Excellence in Research (HBCU-EiR) program was established in response to direction provided in the Senate Commerce and Justice, Science and Related Agencies Appropriations Subcommittee Report (Senate Report 115-139), and is built on prior and continuing efforts by the National Science Foundation (NSF) to strengthen research capacity at Historically Black Colleges and Universities (HBCUs). This report provided guidance to NSF to establish the HBCU Excellence in Research program ""to provide opportunities for both public and private HBCUs, particularly for those who have not been successful in larger NSF Research & Related Activities competitions, in order to stimulate sustainable improvement in their research and development capacity"" ( https://congress.gov/congressional-report/115th-congress/senate-report/139/1 ). EiR supports such capacity building by funding research projects aligned with NSF's research programs. The program aims to establish stronger connections between researchers at HBCUs and NSF's research programs."
"NSF's Eddie Bernice Johnson Inclusion across the Nation of Communities of Learners of Underrepresented Discoverers in Engineering and Science (INCLUDES) Initiative","U.S. National Science Foundation","","2026-10-27","2025-05-23","","5500000","","Others (see text field entitled ""Additional Information on Eligibility"" for clarification)","100","22-622","http://www.nsf.gov/publications/pub_summ.jsp?ods_key=nsf22622","infrastructure; evaluation; workforce; equity; accessibility; stem; science; technology","In 2016, the National Science Foundation (NSF) unveiled a set of ""Big Ideas,"" 10 bold, long-term research and process ideas that identify areas for future investment at the frontiers of science and engineering (see https://www.nsf.gov/news/special_reports/big_ideas/index.jsp ). The Big Ideas represent unique opportunities to position our Nation at the cutting edge of global science and engineering leadership by bringing together diverse disciplinary perspectives to support convergence research. As such, when responding to this solicitation, even though proposals must be submitted to the Directorate for STEM Education (EDU) / Division of Equity for Excellence in STEM (EES), once received, the proposals will be managed by a cross-disciplinary team of NSF Program Directors. The INCLUDES Initiative is a comprehensive , national effort to enhance U.S. leadership in science, technology, engineering, and mathematics (STEM) discovery and innovation, focused on NSF ' s commitment to ensuring accessibility and inclusivity in STEM fields, as communicated in the NSF Strategic Plan for Fiscal Years (FY) 2022 - 2026 . The vision of the INCLUDES Initiative is to catalyze the STEM enterprise to work collaboratively for inclusive change, resulting in a STEM workforce that reflects the Nation's population. More specifically, the INCLUDES Initiative seeks to motivate and accelerate collaborative infrastructure building to sustain systemic change to broaden participation in STEM fields at scale. Significant advancement of the INCLUDES Initiative's goals will result in a new generation of STEM talent and leadership to secure the Nation's future and long-term economic competitiveness . With this solicitation, NSF offers support for five types of projects that connect and contribute to the National Network : (1) Design and Development Launch Pilot s , (2) Collaborative Change Consortia, (3) Alliances, (4) Network Connectors, and (5) Conferences. T he INCLUDES National Network is a multifaceted collaboration of agencies, organizations, and individuals working collectively to broaden participation in STEM. The INCLUDES National Network serves as a testbed for designing, implementing, studying, refining, and scaling collaborative change models and is composed of: INCLUDES funded projects Other NSF funded projects Subcommittee on Federal Coordination in STEM Education (FC-STEM) agencies S cholars engaged in broadening participation research and evaluation, and O rganizations that support the development of talent from all sectors of society to build an inclusive STEM workforce . All INCLUDES funded projects must operationalize five design elements of collaborative infrastructure - (1) shared vision, (2) partnerships, (3) goals and metrics, (4) leadership and communication, and (5) expansion, sustainability, and scale - to create systemic change that broadens participation in STEM ."
"SBE Postdoctoral Research Fellowships","U.S. National Science Foundation","","2026-11-04","2022-10-08","170000","3000000","","Others (see text field entitled ""Additional Information on Eligibility"" for clarification)","64","23-500","http://www.nsf.gov/publications/pub_summ.jsp?ods_key=nsf23500","science; broadening participation","The Directorate for Social, Behavioral and Economic Sciences (SBE) offers Postdoctoral Research Fellowships to encourageindependence earlyin the fellow'scareerby supporting his or herresearch and training goals.The research and training plan of each fellowship must address important scientific questions within thescope of the SBE directorate and the specific guidelines in this solicitation. The SPRF program offers two tracks: (I) Fundamental Research in the SBE Sciences (SPRF-FR) and (II) Broadening Participation in the SBE Sciences (SPRF-BP). See the full text of the solicitation for a detailed description of these tracks."
"Major Research Instrumentation Program","U.S. National Science Foundation","","2026-11-16","2022-11-22","4000000","75000000","","Others (see text field entitled ""Additional Information on Eligibility"" for clarification)","84","23-519","http://www.nsf.gov/publications/pub_summ.jsp?ods_key=nsf23519","open; stem; higher education; career; science; engineering; mathematics","The Major Research Instrumentation (MRI) Program ( MRI Program Website) serves to increase access to multi-user scientific and engineering instrumentation for research and research training in our Nation's institutions of higher education and not-for-profit scientific/engineering research organizations. An MRI award supports the acquisition of a multi-user research instrument that is commercially available through direct purchase from a vendor, or for the personnel costs and equipment that are required for the development of an instrument with new capabilities, thereby advancing instrumentation capabilities and enhancing expertise for instrument design and fabrication at academic institutions. MRI instruments are, in general, too costly and/or not appropriate for support through other NSF programs. MRI provides support to acquire critical research instrumentation without which advances in fundamental science and engineering research may not otherwise occur. MRI also provides support to obtain next-generation research instruments by developing instruments with new capabilities that open new opportunities to advance the frontiers in science and engineering research. Additionally, an MRI award is expected to enhance research training of students who will become the next generation of instrument users, designers and builders. An MRI proposal may request from NSF up to $4 million for either acquisition or development of a research instrument. Each performing organization may submit in revised ""Tracks"" as defined below, with no more than two (2) submissions in Track 1 and no more than one (1) submission in Track 2. For the newly defined Track 3, no more than one (1) submission per competition is permitted. As a result, it is now possible for an institution to submit up to four MRI proposals within the Track limits as described above. Track 1: Track 1 MRI proposals are those that request funds from NSF greater than $100,000 [1] and less than $1,400,000. Track 2: Track 2 MRI proposals are those that request funds from NSF greater than or equal to $1,400,000 up to and including $4,000,000. Track 3: Track 3 MRI proposals are those that request funds from NSF greater than or equal to $100,000 [1] and less than or equal to $4,000,000 that include the purchase, installation, operation, and maintenance of equipment and instrumentation to conserve or reduce the consumption of helium. Institutions may submit no more than one Track 3 proposal. Submission of a Track 3 proposal does not impact limits that apply for Track 1 and Track 2 proposals. Cost sharing requirements for new awards in the MRI Program are waived for a period of 5 years beginning with the FY 2023 MRI competition. Institutional submission limits for Track 1, Track 2 and Track 3 proposals remain. The MRI Program especially seeks broad representation of groups, institutions, and geographic regions that are underrepresented in STEM disciplines. Proposals from women, underrepresented minorities, persons with disabilities and early-career PIs are encouraged, as are proposals that benefit early-career researchers and proposals with PIs from geographically underserved regions, including EPSCoR jurisdictions. Additionally, proposals are encouraged from under-resourced institutions, including from emerging research institutions, where MRI can significantly build capacity for research. ___________________________ [1] Track 1 proposals requesting funds from NSF less than $100,000 will be accepted only from: a) eligible performing organizations requesting instrumentation supporting research in the disciplines of mathematics or social, behavioral and economic sciences; or b) non-Ph.D.-granting institutions of higher education requesting instrumentation supporting research in any NSF-supported disciplines."
"Applied Mathematics","U.S. National Science Foundation","","2026-11-16","2025-03-16","","","","Unrestricted (i.e., open to any type of entity above), subject to any clarification in text field entitled ""Additional Information on Eligibility""","28","PD-16-1266","http://www.nsf.gov/funding/pgm_summ.jsp?pims_id=5664","science; engineering; mathematics","The Applied Mathematics program supports mathematics research motivated by and contributing to the solution of problems arising in science and engineering. Successful proposals must demonstrate mathematical innovation, as well as breadth and quality of impact on applications. Projects that additionally provide opportunities for rigorous mathematical training of junior applied mathematicians through their involvement in research are encouraged. The proposals considered by the Applied Mathematics program may range from single investigator to interdisciplinary team projects. Conferences Proposals to the Applied Mathematics program for conferences or workshops should be submitted through the program solicitation ""Conferences and Workshops in the Mathematical Sciences"" (link below). Principal Investigators should carefully read the program solicitation to obtain important information regarding the substance of proposals for conferences, workshops, summer/winter schools, and similar activities. To facilitate timely notification of the availability of support: Proposals for conferences, workshops, etc., to be held in the US must be submitted 8 months in advance of the conference date; Proposals to support group travel to meetings outside the US must be submitted 12 months in advance of the meeting date; Proposals for conferences, workshops, etc., whose budget request exceeds $50,000 must be submitted during the annual November submission window."
"National Science Foundation Translation to Practice","U.S. National Science Foundation","","2026-11-17","2025-07-09","2000000","30000000","","Others (see text field entitled ""Additional Information on Eligibility"" for clarification)","88","25-540","http://www.nsf.gov/publications/pub_summ.jsp?ods_key=nsf25540","open; workforce; stem; higher education; science; technology; engineering; pathways","The U.S. NSF Directorate for Technology, Innovation and Partnerships (NSF TIP) partners across sectors to advance three primary focus areas - accelerating technology translation and development, fostering regional innovation and economic growth, and preparing the American workforce for future high-wage jobs in STEM fields. The translation of research to practice ensures that the insights and innovations developed through scientific study and experimentation have tangible, positive impacts for the Nation. These impacts include improving the quality of life, promoting economic and job growth, ensuring national security, and maintaining global competitiveness. Indeed, scientific and engineering breakthroughs have the potential to address critical societal challenges in industries such as aerospace, agriculture, communications, education, energy, healthcare, national security, and transportation - but the translation of discoveries and innovations from the laboratory to society often takes many forms including non-linear pathways. The NSF TTP program was developed with several goals in mind: To identify and support use-inspired research and translational activities enabling a continuum from foundational research to practice; To develop partnerships and collaborations between institutions of higher education and other entities (e.g., industry, state/local/national government agencies, philanthropies, open-source ecosystems, for-benefit, for-profit and non-profit organizations, international organizations, etc.); To promote and advance the education and training of students and postdoctoral researchers, encouraging the participation of all Americans in STEM including innovation and entrepreneurship; and To identify future customer needs and opportunities and bring these to the forefront in the conduct of use-inspired research and translational activities. The NSF TTP program offers three tracks that represent different starting points or stages in moving discoveries and innovations from the laboratory to practice: NSF TTP-Explore (NSF TTP-E) is a pilot track that is likely to be the first step for researchers seeking to translate their basic research to practice. To be eligible for the NSF TTP-E track, proposers must have an active, eligible, NSF research award (see Eligibility Information for further details). TTP-E is designed to encourage current, eligible NSF awardees to intentionally pursue applications of their research with the potential for societal impact. The NSF TTP-E track provides the opportunity to obtain an extension of the initial award period of a current NSF award for up to two years in order to offer investigators an opportunity to explore adventurous, high-risk, use-inspired research and initial translational activities as the starting point for translation that was not covered by the original research award. NSF TTP-Translate (NSF TTP-T) starts with use-inspired research and initial translational activities and further matures the idea(s), iterates and improves the solution(s), and lowers the barrier(s) to effective translation of research from lab to practice. NSF TTP-Partner (NSF TTP-P) supports translational efforts that demand one or more partnerships for technology development and deployment. Here, strategic partnerships with stakeholders beyond U.S. institutions of higher education are essential ingredients for success and may include industry partners, government entities at all levels, philanthropies, international organizations, or other groups associated with large scale productization and distribution. The NSF TTP-P track requires an NSF-Catalyzed Partnership with an organization that will assist in the translation to practice. In addition to the Principal Investigator (PI), NSF TTP-P proposals must include a co-PI or Senior/Key Personnel who is a member or employee of the NSF-Catalyzed Partner. Partnerships with U.S. institutions of higher education are valued, but NSF TTP strongly prioritizes NSF-Catalyzed Partnerships that are able to help bring the product, process, or service to the market, potentially through licensing agreements, startup or small business formation, incorporation into an existing open-source ecosystem, development into standards setting arrangements, etc."
"National Science Foundation Fostering Interdisciplinary Networks to Develop Emergent and Responsive Solutions Foundry","U.S. National Science Foundation","","2026-11-18","2026-03-23","","8500000","","Others (see text field entitled ""Additional Information on Eligibility"" for clarification)","100","26-507","http://www.nsf.gov/publications/pub_summ.jsp?ods_key=nsf26507","ai; artificial intelligence; learning; outcomes; evidence; workforce; implementation; k-12","The NSF FINDERS FOUNDRY program supports collaboration among K-12 educators, technologists, and researchers to develop innovative solutions to persistent challenges in learning and workforce development. These challenges are identified by K-12 students, families, and educators. The program aims to create and scale evidence-based practices, tools, and technologies that improve learning outcomes and prepare students for a digital, Artificial Intelligence (AI)-driven future. A key focus is early exposure to AI to build curiosity, understanding, and readiness for future careers. The program encourages partnerships across sectors - schools, universities, industry, government, and nonprofits - to co-design responsive, technology-based solutions. NSF FINDERS FOUNDRY program includes two phases: Planning and Development. Planning proposals help teams explore one of several focus areas. Only teams awarded Planning grants may submit Development proposals, which support the growth and implementation of promising ideas. The program aligns with national priorities, including the Executive Order 14277, ""Advancing Artificial Intelligence Education for American Youth "" (April 23, 2025), and the CHIPS and Science Act of 2022, Public Law 117-167 , Sections 10381-10383 and 10395."
"Louis Stokes Alliances for Minority Participation","U.S. National Science Foundation","","2026-11-20","2025-05-23","5000000","38000000","","Others (see text field entitled ""Additional Information on Eligibility"" for clarification)","100","24-563","http://www.nsf.gov/publications/pub_summ.jsp?ods_key=nsf24563","learning; evidence; assessment; workforce; implementation; stem; higher education; student success","The Louis Stokes Alliances for Minority Participation (LSAMP) program invests in the Nation's colleges and universities to aid student success to create a new generation of STEM discoverers for the national STEM enterprise. The program takes a comprehensive approach to the STEM Learning Ecosystem to impact STEM student development and retention. LSAMP is an alliance-based program, whereby a group of institutions of higher education (IHEs) work together to diversify the nation's science, technology, engineering, and mathematics (STEM) workforce by increasing the number of STEM baccalaureate and graduate degrees awarded to persons from LSAMP populations. LSAMP populations are defined as persons from groups underrepresented in the STEM enterprise: Blacks and African-Americans, Hispanic and Latino Americans, American Indians, Alaska Natives, Native Hawaiians, and Pacific Islanders. The LSAMP program provides funding to alliances that implement comprehensive, evidence-based, innovative, and sustained strategies that ultimately result in the graduation of well-prepared, highly competitive students from LSAMP populations who pursue graduate studies or careers in STEM, while also supporting knowledge generation, knowledge utilization, assessment of program impacts, dissemination activities and dissemination of scholarly research into the field. Projects supported by the LSAMP program include: --Alliance Development Grants (ADG) support the conceptualization and development of new B2B and new SPIO alliances. (New) --Bridge-to-the-Baccalaureate (B2B) alliances facilitate the successful transfer of students from LSAMP populations to four-year institutions in pursuit of STEM baccalaureate degrees. --STEM Pathways Implementation-Only (SPIO) alliances are designed for new and reconstituted alliances. These projects focus on building and strengthening strategies and approaches to assist Institutions of Higher Education (IHEs) increase STEM baccalaureate degrees to LSAMP populations and facilitate entry into STEM graduate degree programs. --STEM Pathways Research Alliances (SPRA) are designed for well-established alliances. These projects serve as models of excellence in STEM broadening participation by (1) steadily increasing STEM baccalaureate degrees to LSAMP populations and facilitating entry into STEM graduate degree programs; (2) producing and disseminating new scholarly research on the broadening participation of LSAMP populations (or underrepresented and underserved populations in STEM disciplines and the nation's STEM workforce) and, (3) holistically assess the state of institutionalization and sustainability of the alliance. --Bridge to STEM Graduate Degrees in National Priorities (BD-Master's) projects support cohorts of six graduate students pursuing a M. S. degree in STEM national priority areas, providing financial support (stipends and cost of education) and support to help develop and maintain academic and research skills that enable participants to successfully persist in STEM graduate degree programs at Master's comprehensive-degree producing institutions only. (New) --Bridge to STEM Graduate Degrees in National Priorities (BD-Doctoral) projects support cohorts of twelve graduate students pursuing a Ph.D. degree in STEM national priority areas, providing financial support (stipends and cost of education) and support to help develop and maintain academic and research skills that enable participants to successfully persist in STEM doctoral degree programs. --STEM Networking Incentives and Engagement (NETWORKS) projects provide support to incentivize the creation and participation of LSAMP populations in STEM networks. (New)"
"Centers of Research Excellence in Science and Technology","U.S. National Science Foundation","","2026-12-04","2023-05-25","","8000000","","Others (see text field entitled ""Additional Information on Eligibility"" for clarification)","100","23-595","http://www.nsf.gov/publications/pub_summ.jsp?ods_key=nsf23595","evidence; workforce; equity; stem; k-12; workforce development; retention; science","CREST Center awards provide support to enhance the research capabilities of Minority-serving institutions (MSIs) through the establishment of centers that effectively integrate education and research. CREST Center awards promote the development of new knowledge, enhancements of the research productivity of individual faculty, and an expanded presence of students historically underrepresented in science, technology, engineering, and mathematics (STEM) disciplines. Successful CREST Center proposals will demonstrate a clear vision and integration of STEM research and education and will align with the mission of the Division of Equity for Excellence in STEM (EES) with respect to the development of a diverse STEM workforce. CREST Centers are also expected to provide leadership by meaningfully involving the efforts of those faculty, students, and postdoctoral researchers who are traditionally underrepresented in STEM at all levels. Centers are required to use evidence-based and innovative strategies to address salient broadening participation and workforce development issues, such as recruitment, retention, and mentorship of participants from underrepresented groups. Successful proposals are expected to achieve national research competitiveness, broaden participation in STEM, and generate sustained, non-CREST funding from federal, state, and/or private-sector sources. PhaseI and Phase II CREST Center Awards Preliminary proposals are required for Phase I and Phase II projects. Thus, an invitation from NSF must be received before submitting a full proposal. Both Phase I and Phase II CREST Center awards provide multi-year support for institutions that demonstrate a strong research base. Phase I CREST Center awards provide funding for five years of research on a specific NSF-supported topic. If invited, institutions may submit a Phase II CREST Center proposal requesting funding to continue research in the same disciplinary area as the Phase I Center or may submit a Phase I proposal focused on a disciplinary area that is significantly different from those of the previous award(s). CREST Partnership Supplements CREST Partnership Supplemental funding requests are invited from current CREST Center awardees. Supplements support the establishment or strengthening of partnerships and collaborations with active CREST Centers and other nationally or internationally recognized research centers (including NSF-supported research centers), private sector research laboratories, K-12 schools, and/or informal science entities, including museums and science centers, as appropriate. Such partnerships and collaborations should aid CREST Centers' quest in advancing knowledge and education on a research theme of national significance."
"Research on the Science and Technology Enterprise: Indicators, Statistics, and Methods (NCSES S&T)","U.S. National Science Foundation","","2027-01-19","2024-07-01","","1500000","","Others (see text field entitled ""Additional Information on Eligibility"" for clarification)","94","24-587","http://www.nsf.gov/publications/pub_summ.jsp?ods_key=nsf24587","data; science; technology; engineering; survey; statistical","The National Center for Science and Engineering Statistics (NCSES) of the National Science Foundation (NSF) is one of the thirteen principal federal statistical agencies within the United States. It is responsible for the collection, acquisition, analysis, reporting and dissemination of objective, statistical data related to the science and technology (S&T) enterprise in the United States and other nations that is relevant and useful to practitioners, researchers, policymakers and the public. NCSES uses this information to prepare a number of statistical data reports including Women, Minorities and Persons with Disabilities in Science and Engineering and the National Science Board's biennial report, Science and Engineering (S&E) Indicators. The Center would like to enhance its efforts to support analytic and methodological research in support of its surveys as well as promote the education and training of researchers in the use of large-scale nationally representative datasets. NCSES welcomes efforts by the research community to use NCSES or other data to conduct research on the S&T enterprise, develop improved survey methodologies that could benefit NCSES surveys, explore alternate data sources that could supplement NCSES data, create and improve indicators of S&T activities and resources, strengthen methodologies to analyze S&T statistical data, and explore innovative ways to communicate S&T statistics. To that end, NCSES invites proposals for individual or multi-investigator research projects, doctoral dissertation improvement awards, conferences, experimental research, survey research and data collection, and dissemination projects under its program for Research on the Science and Technology Enterprise: Indicators, Statistics, and Methods (NCSES S&T)."
"Training-based Workforce Development for Advanced Cyberinfrastructure (CyberTraining)","U.S. National Science Foundation","","2027-01-21","2022-11-22","1000000","9300000","","Others (see text field entitled ""Additional Information on Eligibility"" for clarification)","100","23-520","http://www.nsf.gov/publications/pub_summ.jsp?ods_key=nsf23520","data; literacy; workforce; implementation; postsecondary; undergraduate; workforce development; skills","This program seeks to prepare, nurture, and grow the national scientific research workforce for creating, utilizing, and supporting advanced cyberinfrastructure (CI) to enable and potentially transform fundamental science and engineering (S&E) research and education and contribute to the Nation's overall economic competitiveness and security. The goals of this solicitation are to (i) ensure broad adoption of CI tools, methods, and resources by the research community in order to catalyze major research advances and to enhance researchers' abilities to lead the development of new CI, and (ii) integrate core literacy and discipline-appropriate advanced skills in advanced CI as well as computational and data-driven methods for advancing fundamental research, into the Nation's undergraduate and graduate educational curriculum/instructional materials. Proposals responding to this solicitation may target one or both solicitation goals. For the purpose of this solicitation, advanced CI is broadly defined as the set of resources, tools, methods, and services for advanced computation, large-scale data handling and analytics, and networking and security for large-scale systems that collectively enable potentially transformative fundamental S&E research and education. This solicitation calls for innovative, scalable training, education, and curriculum/instructional materials-targeting one or more of the solicitation goals-to address emerging needs and unresolved bottlenecks in the S&E research workforce development, from the postsecondary level to active researchers to CI professionals. The funded activities, spanning targeted, multidisciplinary communities, should lead to transformative changes in the state of research workforce preparedness for advanced CI-enabled research in the short- and long-term. This solicitation also seeks to broaden CI access and adoption by (i) increasing the adoption of advanced CI and computational and data-driven methods to a broader range of S&E disciplines and institutions and (ii) effectively utilizing individual capabilities. Proposals from, and in partnership with, the aforementioned communities are especially encouraged. There are two project classes as defined below: Pilot Projects: up to $300,000 total budget with durations up to two years; and Implementation Projects: Small (with total budgets of up to $500,000) or Medium (with total budgets of up to $1,000,000) for durations of up to four years. Section II. Program Description provides a more complete description of the project classes. Section V.A. Proposal Preparation Instructions describes the proposal elements required for the various project classes in order to address the suitable set of solicitation-specific review criteria. The CyberTraining program is led by the Office of Advanced Cyberinfrastructure (OAC) in the Directorate for Computer and Information Science and Engineering (CISE) and has participation from other NSF directorates/divisions, as described in Section II. Program Description, Programmatic Areas of Interest. Not all directorates/divisions are participating at the same level, and some have specific research and education priorities. The appropriate contact for the CyberTraining program in any directorate/division is the Cognizant Program Officer (PO) for the respective directorate/division/office/program listed below. All projects are expected to clearly articulate how they will address important community needs and provide resources that will be widely available to and usable by the research community.Prospective principal investigators (PIs) are strongly encouraged to contact the Cognizant Program Officers in CISE/OAC and in the participating directorate/division relevant to the proposal to ascertain whether the focus and budget of their proposed activities are appropriate for this solicitation. Such consultations should be completed at least one month in advance of the submission deadline. PIs should include the names of the Cognizant Program Officers consulted in a Single Copy Document as described in Section V.A. Proposal Preparation Instructions. The intent of the CyberTraining program is to encourage collaboration between CI and S&E domain disciplines. (For this purpose, units of CISE other than OAC are considered domain disciplines.) To ensure relevance to community needs and to facilitate adoption, those proposals of interest to one or more domain divisions must include at least one PI/co-PI with expertise relevant to the targeted research discipline. All proposals shall include at least one PI/co-PI with expertise relevant to OAC. Prospective PIs contemplating submissions that primarily target communities relevant to directorates/divisions that are not participating in this solicitation are directed to instead explore the education and workforce development programs of the respective directorates/divisions."
"EPSCoR Research Infrastructure Improvement Program: Focused EPSCoR Collaborations Program (FEC)","U.S. National Science Foundation","","2027-01-26","2024-05-17","1500000","18000000","","Others (see text field entitled ""Additional Information on Eligibility"" for clarification)","100","24-573","http://www.nsf.gov/publications/pub_summ.jsp?ods_key=nsf24573","infrastructure; stem; higher education; career; science; technology; engineering; mathematics","The Established Program to Stimulate Competitive Research (EPSCoR) is designed to fulfill the mandate of the National Science Foundation (NSF) to promote scientific progress nationwide. EPSCoR eligibility status is yearly updated and reported in the EPSCoR website (see EPSCoR eligibility). Through this program, NSF establishes partnerships with government, higher education, and industry that are designed to affect sustainable improvements in a jurisdiction's research infrastructure, Research and Development (R&D) capacity, and hence, its R&D competitiveness. The FEC program (formerly known as ""EPSCoR Track-2 program"") builds interjurisdictional collaborative teams of EPSCoR investigators in Science, Technology, Engineering, and Mathematics (STEM) focus areas consistent with the current National Science Foundation Strategic Plan . Projects are investigator-driven and must include researchers from at least two EPSCoR eligible jurisdictions with complementary expertise and resources necessary to address challenges, which neither party could address as well or as rapidly independently. FEC projects have a comprehensive and integrated vision to drive discovery and build sustainable STEM capacity that exemplifies institutional, geographic, and disciplinary diversity. The projects' STEM research and education activities seek to broaden participation through the strategic inclusion and integration of all individuals, institutions, and sectors. Additionally, EPSCoR recognizes that the development of early-career faculty is critical to sustaining and advancing research capacity."
"Mid-scale Research Infrastructure-1","U.S. National Science Foundation","","2027-02-08","2024-08-20","19999999","100000000","","Others (see text field entitled ""Additional Information on Eligibility"" for clarification)","100","24-598","http://www.nsf.gov/publications/pub_summ.jsp?ods_key=nsf24598","infrastructure; workforce; professional development; implementation; accessibility; stem; career; science","NSF-supported science and engineering research increasingly relies on cutting-edge infrastructure. With its Major Research Instrumentation (MRI) program and Major Multi-user Facilities (""Major Facilities"") projects, NSF supports infrastructure projects at the lower and higher range of infrastructure project costs, Foundation-wide, across science and engineering research disciplines. The Foundation-wide Mid-scale Research Infrastructure opportunity is intended to provide NSF with an agile, Foundation-wide process to fund experimental research capabilities in the mid-scale range between MRI and Major Multi-user Facilities. NSF defines Research Infrastructure (RI) as any combination of facilities, equipment, instrumentation, or computational hardware or software, and the necessary human capital in support of the same. Major facilities and mid-scale projects are subsets of research infrastructure. The NSF Mid-scale Research Infrastructure-1 Program (Mid-scale RI-1) supports either design activities or implementation of unique and compelling RI projects. Mid-scale implementation projects may include any combination of equipment, instrumentation, cyberinfrastructure, broadly used large scale datasets and the personnel needed to successfully commission the project. Mid-scale RI-1 design activities include the design efforts intended to lead to eventual implementation of a mid-scale class RI project. Mid-scale RI-1 projects should involve the training of a diverse workforce engaged in the design and implementation of STEM research infrastructure. Mid-scale RI-1 projects should directly enable advances in any of the research domains supported by NSF. Projects may also include upgrades to existing research infrastructure. Mid-scale RI-1 emphasizes strong scientific merit, a response to an identified need of the research community and/or fulfillment of a national need to enable U.S. researchers to be competitive in a global research environment. Well-conceived technical and management plans are essential for both design and implementation proposals, as are well-developed plans (e.g., mentoring and professional development) for student training and the involvement of a diverse STEM workforce in all aspects of mid-scale design and/or implementation activities. The inclusion of individual project participants that will lead to a supportive working environment is especially encouraged at all levels of the project team. Within Mid-scale RI-1, proposers may submit two types of projects, ""Implementation"" (e.g., acquisition and/or construction) or ""Design"". The ""Design"" track is intended to facilitate progress toward readiness for a mid-scale range implementation project. Both Implementation projects and Design activities may involve new or upgraded research infrastructure. Mid-scale RI-1 ""Implementation"" projects may have a total project cost ranging from $4 million up to but not including $20 million. Mid-scale RI-1 ""Design"" activities may request less than $4 million, with a minimum request of $400,000 and a maximum request up to but not including $20 million, as appropriate, to prepare for a future mid-scale range implementation project. Note: Successful award of a Mid-scale RI-1 design activity does not imply NSF's commitment to the future implementation of the project being designed, nor is a Mid-scale RI-1 design award required for the submission of an implementation project. The Mid-scale RI-1 Program seeks to broaden the representation of PIs and institutions in its award portfolio, including a geographically diverse set of institutions (especially those in EPSCoR jurisdictions). Proposals submitted by, or involving partnerships between institutions are encouraged. Participation in this opportunity is encouraged for the full spectrum of diverse talent society has to offer to include PIs who are women, early-career researchers, persons with disabilities, or members of other groups underrepresented in STEM. To improve participation in science and engineering research for persons with disabilities, Mid-scale RI-1 encourages PIs to incorporate accessibility as part of Mid-scale RI-1 design activity and implementation projects. Please consult NSF's Research Infrastructure Guide, or RIG (available at https://www.nsf.gov/bfa/lfo/lfo_documents.jsp ), for definitions of certain terms used in this solicitation, such as the Project Execution Plan (PEP) and Design and Execution Plan (DEP). The RIG provides guidance specific to Mid-scale Research Infrastructure Projects, including references to other parts of the RIG as needed. Note that PEP or DEP should be appropriately scaled for the complexity of the project and may not require all of the elements described in the RIG. Mid-scale research infrastructure projects with total project costs beyond the Mid-scale RI-1 Program limit are separately solicited through the Mid-scale RI-2 Program. Proposals to the Mid-scale RI-1 Program with total project costs outside of this solicitation's budgetary limits, either during initial submission or after cost analyses/revisions during subsequent review, are subject to return without further review."
"Mid-Career Advancement","U.S. National Science Foundation","","2027-03-01","2022-06-11","","18000000","","Others (see text field entitled ""Additional Information on Eligibility"" for clarification)","72","22-603","http://www.nsf.gov/publications/pub_summ.jsp?ods_key=nsf22603","career; skills; science; engineering","The MCA program offers an opportunity for scientists and engineers at the mid-career stage (see restrictions under Additional Eligibility Information) to substantively enhance and advance theirresearch program and career trajectory. Mid-career scientists are at a critical career transition stage where they need to advance their research programs to ensure long-term productivity and creativity but are often constrained by service, teaching, or other activities that limit the amount of time devoted to research. The MCA program provides protected time, resources, and the means to gain new skills through synergistic and mutually beneficial partnerships, typically at an institution other than the candidate's home institution. Partners from outside the Principal Investigator's (PI) own subdiscipline or discipline are encouraged, but not required, to enhance interdisciplinary networking and convergence across science and engineering fields. Research p rojects that envision new insights on existing problems or identify new problems made accessible with cutting-edge methodology or expertise from other fields are encouraged . A key component of a successful MCA will be the demonstration that the PI's currentresearch program could substantively benefit from the protected time, mentored partnership(s), and resources provided through this program, such thatthere is a substantial enhancement to the PI's research and career trajectory, enabling scientific and academic advancementnot likely without this support. The MCA is the only cross-directorate NSF program specifically aimed at providing protected time and resources to established scientists and engineers targeted at the mid-career stage.Participating programs in the Directorates for Biological Sciences (BIO), Geosciences (GEO), Social, Behavioral and Economic Sciences (SBE), and Education and Human Resources (EHR) will accept MCA proposals. To help identify the disciplinary program in which the MCA should be reviewed, PIs are urged to investigate the research areas supported by the different directorates and participating programs. PIs are strongly encouraged to discuss the suitability of their MCA proposal with a Program Officer from the appropriate directorate (see https://new.nsf.gov/funding/opportunities/mca-mid-career-advancement/announcements/111199 ).PIs from EPSCoR jurisdictions are especially encouraged to apply."
"NSF Scholarships in Science, Technology, Engineering, and Mathematics Program","U.S. National Science Foundation","","2027-03-02","2024-12-03","5000000","120000000","","Others (see text field entitled ""Additional Information on Eligibility"" for clarification)","100","25-514","http://www.nsf.gov/publications/pub_summ.jsp?ods_key=nsf25514","evidence; teacher; rural; stem; higher education; undergraduate; college; student success","The main goal of the S-STEM program is to enable academically talented, low-income students to pursue successful careers in promising STEM fields. Ultimately, the S-STEM program seeks to increase the number of academically promising low-income students who graduate with an S-STEM eligible degree and contribute to the American innovation economy with their STEM knowledge. Recognizing that financial aid alone cannot increase retention and graduation in STEM, the program provides awards to institutions of higher education (IHEs) not only to fund scholarships, but also to adapt, implement, and study evidence-based curricular and co-curricular [a] activities that have been shown to be effective in supporting recruitment, retention, transfer (if appropriate), student success, academic/career pathways, and graduation in STEM. To be eligible, scholars must be domestic low-income students with academic ability, talent, or potential and demonstrated unmet financial need who are enrolled in an associate, baccalaureate, or graduate degree program in an S-STEM eligible discipline. Proposers must provide an analysis that articulates the characteristics and academic needs of the population of students they are trying to serve. NSF is particularly interested in supporting the attainment of degrees in fields identified as critical needs for the Nation. It is up to the proposer to make a compelling case that such a field serves a critical need in the United States. [a] an activity at a school or college pursued in addition to the normal course of study. S-STEM Eligible Degree Programs Associate of Arts, Associate of Science, Associate of Engineering, and Associate of Applied Science Bachelor of Arts, Bachelor of Science, Bachelor of Engineering and Bachelor of Applied Science Master of Arts, Master of Science, and Master of Engineering Doctoral (Ph.D. or other comparable doctoral degree) S-STEM Eligible Disciplines Disciplinary fields in which research is funded by NSF, including technology fields associated with the S-STEM-eligible disciplines (e.g., biotechnology, chemical technology, engineering technology, information technology, etc.). The following degrees and disciplines areexcluded: Clinical degree programs, including medical degrees, nursing, veterinary medicine, pharmacy, physical therapy, and others not funded by NSF, are ineligible degrees. Programs for STEM teacher certification or licensure currently covered by the Robert Noyce Teacher Scholarship program (NOYCE) are ineligible for S-STEM funding. Business school programs that lead to Bachelor of Arts or Science in Business Administration degrees (BABA/BSBA/BBA) are not eligible for S-STEM funding. Masters and Doctoral degrees in Business Administration are also excluded. Proposers are strongly encouraged to contact Program Officers before submitting a proposal if they have questions concerning degree or disciplinary eligibility. The S-STEM program particularly encourages proposals from 2-year institutions, predominately undergraduate institutions, and urban, suburban, and rural public institutions."
"Innovations in Graduate Education (IGE) Program","U.S. National Science Foundation","","2027-03-25","2024-01-24","1000000","14000000","","Others (see text field entitled ""Additional Information on Eligibility"" for clarification)","100","24-529","http://www.nsf.gov/publications/pub_summ.jsp?ods_key=nsf24529","learning; outcomes; workforce; implementation; stem; workforce development; skills; science","The Innovations in Graduate Education (IGE) Program is designed to encourage development and implementation of bold, new, and potentially transformative approaches to STEM graduate education training. The program seeks proposals that a) explore ways forgraduate students in STEM master's and doctoral degree programs to develop the skills, knowledge, and competencies needed to pursue a range of STEM careers, or b) support research on the graduate education system and outcomes of systemic interventions and policies. IGE projects are intendedto generate the knowledge required for the customization, implementation, and broader adoption of potentially transformative approaches to graduate education. The program supports piloting, testing, and validating novel models or activities and examining systemic innovations with high potential to enrich and extend the knowledge base on effective graduate education approaches. The program addresses both workforce development, emphasizing broad participation, and institutional capacity-building needs in graduate education. Strategic collaborations with the private sector, non-governmental organizations (NGOs), government agencies, national laboratories, field stations, teaching and learning centers, informal science organizations, and academic partners are encouraged."
"Expeditions in Computing","U.S. National Science Foundation","","2027-03-31","2020-02-14","","60000000","","Others (see text field entitled ""Additional Information on Eligibility"" for clarification)","80","20-544","http://www.nsf.gov/publications/pub_summ.jsp?ods_key=nsf20544","artificial intelligence; outcomes; science; technology; engineering; cyber","The far-reaching impact and rate of innovation in the computer and information science and engineering &#64257;elds has been remarkable, generating economic prosperity and enhancing the quality of life for people throughout the world. More than a decade ago, the National Science Foundation's (NSF) Directorate for Computer and Information Science and Engineering (CISE) established the Expeditions in Computing (Expeditions) program to build on past successes and provide the CISE research and education community with the opportunity to pursue ambitious, fundamental research agendas that promise to de&#64257;ne the future of computing and information. In planning Expeditions projects, investigators are strongly encouraged to come together within or across departments or institutions to combine their creative talents in the identi&#64257;cation of compelling, transformative research agendas that look ahead by at least a decade and promise disruptive innovations in computer and information science and engineering for many years to come. Now funded at levels up to $15,000,000 for seven years, Expeditions projects represent some of the largest single investments currently made by the CISE directorate. Together with the Science and Technology Centers and the National Artificial Intelligence Research Institutes that CISE supports, Expeditions projects form the centerpiece of the directorate's center-scale award portfolio. With awards funded at levels that promote the formation of large research teams, CISE recognizes that concurrent research advances in multiple &#64257;elds or sub-&#64257;elds are often necessary to stimulate deep and enduring outcomes. The awards made in this program will complement research areas supported by other CISE programs, which target particular computer and information science and engineering &#64257;elds. Additionally, CISE offers Innovation Transition (InTrans) awards for teams nearing the end of their Expeditions as well as Secure and Trustworthy Cyberspace (SaTC) and Cyber-Physical Systems (CPS) Frontier projects. The goal of InTransis to continue the long-term vision and objectives of CISE's center-scale projects. Through InTrans awards, CISE will provide limited funds to match industry support."
"NSF National Quantum Virtual Laboratory - Quantum Testbeds","U.S. National Science Foundation","","2027-04-06","2024-06-28","","32000000","","Others (see text field entitled ""Additional Information on Eligibility"" for clarification)","98","24-586","http://www.nsf.gov/publications/pub_summ.jsp?ods_key=nsf24586","infrastructure; workforce; implementation; workforce development; science; technology; engineering","The National Quantum Initiative (NQI) Act 1 aims to ensure the continuing leadership of the United States (U.S.) in quantum information science and technology. In conformance with the NQI goals, an argument 2-5 was set forth for a renewed emphasis on identifying and fostering early adoption of quantum technologies to transform the field of Quantum Information Science and Engineering (QISE) and to accelerate broader impacts on society. A systematic approach to maturing quantum technology platforms by integrating end-users and potential customers from other fields of science and engineering and other sectors of the economy into cycles of research, development, and demonstration should lower the barriers for end-users to pioneer new applications. NSF support for use-inspired and translational research in QISE, combined with continued strong support of the underlying foundational research, is anticipated to accelerate development of a market for quantum technologies. With this program solicitation, the Foundation is taking the next step in implementing the National Quantum Virtual Laboratory (NQVL) concept as an overarching shared infrastructure designed to facilitate the translation from basic science and engineering to the resultant technology, while at the same time emphasizing and advancing its scientific and technical value. The NQVL aims to develop and utilize use-inspired and application-oriented quantum technologies. In the process, NQVL researchers will explore quantum frontiers 6 , foster the development of QISE education and workforce development strategies, engage in outreach activities at all levels, and promote input and participation from the full spectrum of talent in QISE, thereby lowering barriers at all entry points of the research enterprise. Engagement with all sectors of the United States (U.S.) QISE community will be necessary for this initiative to succeed, and, indeed, the project is designed to include participation from a full spectrum of organizations who have expertise to contribute. In particular, NSF recognizes that the involvement of industry partners is essential and will welcome these to be a part of the overall structure. Partnerships with other U.S. Federal agencies under the NQI umbrella are also encouraged. While this solicitation lays out the vision for the entire NQVL program that includes Quantum Science and Technology Demonstration (QSTD) projects, support for enabling technologies through Transformative Advances in Quantum Systems (TAQS), as well as a central coordination hub, only proposals for Design- and Implementation-phase QSTDs are solicited at this time. Submission of a QSTD:Design proposal is contingent upon the existence of a QSTD:Pilot project in the same topical area, and the positive recommendation from the Conceptual Design Review of the QSTD:Pilot project. The QSTD:Design project builds on progress made in the QSTD:Pilot phase. Submission of a QSTD:Implementation proposal is contingent upon the existence of a QSTD:Design project in the same topical area, and the positive recommendation from the Preliminary Design Review of the QSTD:Design project. The QSTD:Implementation project builds on progress made in the QSTD:Design phase. It is required that prospective PIs contact the NQVL Program Officer(s) as soon as possible, but not later than two weeks before submitting a proposal in response to this solicitation, to ascertain that the focus and budget of their proposal is appropriate for this solicitation. H.R.6227 - National Quantum Initiative Act, https://www.congress.gov/bill/115th-congress/house-bill/6227 Accelerating Progress Towards Practical Quantum Advantage, A National Science Foundation Project Scoping Workshop (2022), https://arxiv.org/abs/2210.14757 Quantum Computer Systems for Scientific Discovery, PRX Quantum 2, 017001 (2021) https://doi.org/10.1103/PRXQuantum.2.017001 Development of Quantum InterConnects for Next-Generation Information Technologies, PRX Quantum 2, 017002 (2021) https://doi.org/10.1103/PRXQuantum.2.017002 Quantum Simulators: Architectures and Opportunities, PRX Quantum 2, 017003 (2021) https://doi.org/10.1103/PRXQuantum.2.017003 Quantum Frontiers: Report on Community Input to the Nation's Strategy for Quantum Information Science, https://www.quantum.gov/wp-content/uploads/2020/10/QuantumFrontiers.pdf"
"EPSCoR Research Infrastructure Improvement (RII): EPSCoR Research Fellows","U.S. National Science Foundation","","2027-04-13","2024-01-23","","15000000","","Others (see text field entitled ""Additional Information on Eligibility"" for clarification)","100","24-528","http://www.nsf.gov/publications/pub_summ.jsp?ods_key=nsf24528","infrastructure; open; workforce; professional development; stem; undergraduate; career; workforce development","The Established Program to Stimulate Competitive Research is designed to fulfill the mandate of the National Science Foundation (NSF) to promote scientific progress nationwide. NSF EPSCoR facilitates the establishment of partnerships among academic institutions, government, industry, and non-profit sectors that are designed to promote sustainable improvements in a jurisdiction's research infrastructure, Research and Development (R&D) capacity, and R&D competitiveness of EPSCoR-eligible jurisdictions (i.e., states, territories, and commonwealths). Eligibility to participate in the EPSCoR funding opportunities, including the EPSCoR RII: EPSCoR Research Fellows program, is described on the NSF EPSCoR website . EPSCoR RII: EPSCoR Research Fellows directly aligns with the NSF EPSCoR strategic goal of establishing sustainable Science, Technology, Engineering, and Mathematics (STEM) professional development pathways that advance workforce development and effects engagement in STEM at national and global levels. EPSCoR RII: EPSCoR Research Fellows provides awards to build researchcapacityin institutions and transform the career trajectories of investigators and further develop their individual research potential through collaborations with investigators from the nation's premier private, governmental, or academic research institutions and/or centers. The fellowship provides opportunities to establish strong collaborations through extended or periodic collaborative visits to a selected host site.Through collaborative research activities with the host site, Fellows will be able to learn new techniques, develop new collaborations, advance existing partnerships, benefit from access to unique equipment and facilities, and/or shift their research toward potentially transformative new directions. The experiences gained through the fellowships are intended to have lasting impacts that will enhance the Fellows' research trajectories well beyond the award period. The benefits to the Fellows are also expected to improve the research capacity of their institutions and jurisdictions more broadly. EPSCoR Research Infrastructure Improvement (RII): EPSCoR Research Fellows offers the following two tracks: 1)EPSCoR Research Fellows: NSF; and 2) EPSCoR Research Fellows: @NASA&#8239; While the two tracks have similar goals, EPSCoR Research Fellows: NSF is open to a broad community and EPSCoR Research Fellows: @NASA supports faculty from eligible institutions (See Section""IV. Eligibility Information"" for more details) to collaborate with researchers at the National Aeronautics and Space Administration (NASA) research centers. PIs who are eligible for both tracks may apply for only one track per competition cycle. Proposals from both tracks are submitted to and merit reviewed by NSF. Awards in the EPSCoR Research Fellows: @NASA track are referred to NASA EPSCoR for distribution of additional NASA funds and other needed NASA coordination required for the award. In both tracks, the EPSCoR RII: EPSCoR Research Fellows program provides opportunities for the participation of one trainee, who must be an undergraduate or graduate student enrolled full-time in an accredited degree program, or a postdoctoral researcher from an EPSCoR jurisdiction. Staff members, such as technicians or lab assistants could be considered as trainees when properly justified."
"Findable Accessible Interoperable Reusable Open Science","U.S. National Science Foundation","","2027-04-14","2025-01-07","","6000000","","Others (see text field entitled ""Additional Information on Eligibility"" for clarification)","86","25-533","http://www.nsf.gov/publications/pub_summ.jsp?ods_key=nsf25533","data; open; accessibility; science","The FAIROS Program seeks to support a broad range of transformative open science activities including but not limited to&#8239;i.)&#8239;Research, education, and socio-technical cyberinfrastructure development capacities that advance sustainable multi-disciplinary findable, accessible, interoperable, reusable (FAIR) research data management (RDM) and open science capabilities,&#8239;ii.)&#8239;Piloting new models of scientific communication and publication that improve efficiency and accessibility,&#8239;iii.)&#8239;Developing FAIROS data portals, research data commons, RDM as a national service, and&#8239;iv.)&#8239;Lowering barriers to accessing, curating, integrating, linking, managing, sharing, and storing data across many disciplinary domains, irrespective of data size. The program supports innovation across the cyberinfrastructure (CI) ecosystem to address accessibility, data curation, research data management, discoverability, reliability, reproducibility, preservation, sustainability, and utility of research products, including data software, and code, developed as part of funded projects. FAIROS proposals must select one of two tracks to focus on, either: 1)&#8239;Disciplinary Improvements&#8239;to targeted scientific communities, or&#8239;2)&#8239;Cross-Cutting Improvements&#8239;that apply to many or most scientific disciplines.&#8239;In the case of proposals focused on Disciplinary Improvements, it is strongly recommended that prospective PIs contact a program officer from the list of Cognizant Program Officers in the directorate closest to the major disciplinary impact of the proposed work to ascertain that the scientific focus and budget of the proposed work are appropriate for this solicitation. In the case of proposals focused on Cross-Cutting Improvements, it is strongly recommended that prospective PIs contact the&#8239;cognizant program officer from the Office of Advanced Cyberinfrastructure (OAC). After selecting either Disciplinary Improvements or Cross-Cutting Improvements in which to focus research, the proposal must include the kinds of activities relevant to the selected track.&#8239;Standard research proposals are the only type of proposal accepted in response to this solicitation. The FAIROS Program is undertaken in support of the US NSF Public Access Initiative. For more information on the US NSF Public Access Initiative please visit&#8239; https://new.nsf.gov/public-access ."
"Geospace Cluster","National Science Foundation","","","2024-09-26","","","","Unrestricted (i.e., open to any type of entity above), subject to any clarification in text field entitled ""Additional Information on Eligibility""","100","PD-24-7789","http://www.nsf.gov/funding/pgm_summ.jsp?pims_id=506312","data; infrastructure; open; workforce; implementation; higher education; undergraduate; career","The Geospace Cluster (GC) in the Division of Atmospheric and Geospace Sciences (AGS) supports fundamental and solutions-oriented research, technology development and education related to the Earth's near-space environment (including the mesosphere, thermosphere, ionosphere, exosphere, magnetosphere and radiation belts) and the inner heliosphere and solar atmosphere. The GC advances knowledge of the Sun--Earth system, including how various parts of the system are coupled through dynamical, electrodynamical and chemical processes. The GC supports research on the societal impacts of these processes including space weather and upper atmosphere climate change, with the aim of increasing resilience to such natural hazards. The GC supports research that uses ground-based or space-based observational facilities and instruments as well as data centers and a broad range of theoretical, modeling, observational, data analyses and laboratory activities. General research topics that are supported by the GC include, but are not limited to: Aeronomy, including studies of wave dynamics, ionization, recombination, chemical reaction, photo emission and transport of energy and momentum within and between the mesosphere, thermosphere and ionosphere of the Earth; how this global system is coupled to the stratosphere below and magnetosphere above; and the plasma physics of phenomena manifested in the coupled ionosphere-magnetosphere system. Magnetospheric physics, including studies of the magnetosphere, or the cavity carved out of the solar wind by the Earth's magnetic field, its energization by the solar wind and population by solar and ionospheric sources; waves and instabilities in such natural plasmas; the origin of planetary electric fields; the origin of geomagnetic storms and substorms; and the coupling among the radiation belts, magnetosphere, ionosphere and atmosphere. Solar-terrestrial physics, including how energy generation and eruptive processes occur in the solar atmosphere and how energy and momentum are transported within the Sun-Earth system; solar dynamo, solar activity cycle and magnetic flux emergence; eruptive activity including solar flares and coronal mass ejections; solar wind heating, solar energetic particles and interactions with cosmic rays; solar wind/magnetosphere boundary; and helioseismology. Space weather and space climate, including solar or terrestrial drivers of space weather; observations and modeling of the integrative geospace system that could lead to better predictive capabilities of the time-varying space environment; and characterization of space weather impacts on critical infrastructure and technological systems. Proposals to the GC are welcome at any time. However, the following solicitations in support of specific geospace science and community efforts have target dates or deadlines. They also may have PI and/or Institution restrictions. Please refer to the solicitation documents for further details: The Coupling, Energetics, and Dynamics of Atmospheric Regions (CEDAR) targeted research program aims to understand the behavior of the Earth's atmospheric regions from the middle atmosphere upward through the thermosphere and ionosphere into the exosphere in terms of coupling, energetics, chemistry and dynamics on regional and global scales. The Geospace Environment Modeling (GEM) targeted research program supports investigations of the physics of the Earth's magnetosphere and the coupling of the magnetosphere to the atmosphere and solar wind, including for making accurate predictions of the geospace environment. The Solar, Heliospheric, and Interplanetary Environment (SHINE) targeted research program supports enhanced understanding of and predictive capabilities for the processes by which energy in the form of magnetic fields and particles are produced by the Sun and/or accelerated in interplanetary space and on the mechanisms by which these fields and particles are transported to the Earth through the inner heliosphere. The Faculty Development in geoSpace Science (FDSS) solicitation integrates topics in geospace science, including solar and space physics and space weather research, into natural sciences, engineering or related departments at U.S. institutions of higher education. The solicitation also stimulates the development of undergraduate or graduate programs or curricula to train the next generation of leaders in geospace science. The Geospace Cluster participates in other AGS, GEO and NSF programs and solicitations including but not limited to: Distributed Array of Small Instruments (DASI) ECosystem for Leading Innovation in Plasma Science and Engineering (ECLIPSE) AGS encourages and inspires scientific leaders by investing in the atmospheric and geospace sciences, enhancing educational opportunities and experiences and supporting faculty and researchers at all career stages. The Division expects that proposers will integrate education, outreach and dissemination activities into their research plans in compliance with NSF Broader Impacts Merit Review criteria. AGS invites proposals that include plans for workforce development, educational and outreach activities, open science initiatives and efforts to broaden participation and encourage diverse talent in the atmosphere and geospace sciences. Furthermore, AGS encourages proposals from all institutions, including Minority Serving Institutions, Emerging Research Institutions and institutions in EPSCoR jurisdictions. The Proposal & Award Policies & Procedures Guide (PAPPG) provides the instructions for submitting proposals to AGS. Additionally, Chapter II.F of the PAPPG defines ""Other Types of Proposals,"" including community-building proposals such as Conference, Travel or Planning Proposals and special categories of proposals, such as Rapid Response Research (RAPID) and EArly-concept Grants for Exploratory Research (EAGER). Proposals that are not compliant with the PAPPG will be returned without review. The following sections highlight specific NSF-, GEO-, or AGS-wide solicitations that may be relevant to the AGS Community. Please be aware that solicitations are frequently updated, so make sure that you are looking at the most recent version. Career Development AGS Postdoctoral Research Fellowship (AGS-PRF) : The AGS-PRF program supports researchers (also known as Fellows) for up to 24 months at the institution of their choice. The program is intended to recognize beginning investigators of significant potential and provide them with research experience that will broaden perspectives, facilitate interdisciplinary interactions, and establish them in leadership positions within the AGS community. Faculty Early Career Development Program (CAREER) : The CAREER program supports early career (assistant professor-level) faculty who have the potential to serve as academic role models in research and education and to lead advances for their department or organization. Awards are 5 years long and must integrate research and education. Mid-Career Advancement (MCA) : The MCA program provides opportunities for scientists and engineers at the associate professor rank (or equivalent) to substantively enhance and advance their research program through synergistic partnerships. Capacity Development EMpowering BRoader Academic Capacity and Education (EMBRACE) : The EMBRACE program supports research and educational efforts at ""non-R1"" institutions, including non-R1 minority serving institutions (MSIs), two-year colleges (2YCs), primarily undergraduate institutions (PUIs), and emerging research (ERIs) and master's level institutions. Historically Black Colleges and Universities Excellence in Research (HBCU - EiR) : The HBCU-EiR program supports research at public and private historically Black colleges and universities to strengthen research capacity and promote engagement with NSF. Facilitating Research at Primarily Undergraduate Institutions (RUI and ROA): RUI awards support PUI faculty in research that engages them in their professional field(s), build capacity for research at their home institution, and support the integration of research and undergraduate education. ROA awards similarly support PUI faculty research, but these awards typically allow faculty to work as visiting scientists at research-intensive organizations where they collaborate with other NSF-supported investigators. Instrumentation and Facilities Major Research Instrumentation : The MRI program supports requests for up to $4 million from NSF for the development or acquisition of multi-user research instruments that are critical to the advancement of science and engineering. Mid-scale Research Infrastructure-1 : The MSRI-1 program supports the design and implementation of research infrastructure--including equipment, cyberinfrastructure, large-scale datasets and personnel--whose total project costs exceed the NSF Major Research Instrumentation program limit but are under $20 million. Mid-scale Research Infrastructure-2 : The MSRI-2 program supports the implementation of research infrastructure--including equipment, cyberinfrastructure, large-scale datasets and personnel--whose total project costs fall between $20 million and $100 million."
"Cyberinfrastructure for Public Access and Open Science","U.S. National Science Foundation","","","2024-04-10","600000","600000","","Unrestricted (i.e., open to any type of entity above), subject to any clarification in text field entitled ""Additional Information on Eligibility""","100","PD-24-7414","http://www.nsf.gov/funding/pgm_summ.jsp?pims_id=506307","data; infrastructure; open; accessibility; university; skills; science; technology","The Cyberinfrastructure for Public Access and Open Science (CI PAOS) program within the Office of Advanced Cyberinfrastructure (OAC) aims to catalyze new and transformative socio-technical partnerships supporting research data infrastructure ecosystems across d omains through early-stage collaborative activities between cyberinfrastructure researchers, scie ntists , research computing experts, data management experts , research labs , university libraries , and other communities of practice. The CI PAOS program supports the NSF Public Access Initiative by encouraging innovation across the CI ecosystem t o address accessibility, discoverability, reliability, reproducibility, sustainability, and utility of data products in alignment with NSF and national goals for public access and open science [ See: NSF Public Access Initiative , Office of Science and Technology Policy Memorandum on Ensuring Free, Immediate, and equitable Access to Federally funded Research , and Desirable Characteristics of Data Repositories for Federally Funded Research ] . CI PAOS builds on previous investments including those through Dear Colleague Letters NSF 19-069 , NSF 20 -068 , NSF 23-018 , and the FAIROS R esearch C oordination N etworks ( RCN ) p rogram solicitation ( NSF 22-553 ) . NSF accepts proposals pursuant to this Program Description year-round. From time to time , NSF may also issue Dear Colleague Letters to encourage proposals on special thema tic interests and opportunities related to this progra m . GUIDANCE TO POTENTIAL PROPOSERS A primary feature of successful CI PAOS projects is a robust, synergistic collaborative team comprising skills from across communities of science/engineering, research data science, and information science discipline(s) and expertise in leveraging connections between cyberinfrastructure researchers and providers and data specialists . Leveraging international collaboration to build shared norms and address c hallenges related to developing and implementing PAOS policies and practices is encouraged . Research and education in science and engineering benefit immensely from international cooperation. P roposals with an international component are also welcome [See: International Collaborations Opportunities at NSF ] . Proposers must target one or more of th e following themes/pathways: Competency Building, Capability Building, and /or Community Building. Competency Building Open s cience /engineering-driven collaboration . A socio -technical collaborative approach in addressing disciplinary , interdisciplinary , domestic, and international data lifecycle challenges is critical to informing and guiding the development of principles, requirements , and standards of a CI ecosystem that fosters pipelines to good data management and pathways to access. Propos al s should clearly describe the goals, challenges, and rationale for the proposed data science and engineering project and include an explanation of the potential for transformative research and broader impacts on the open science ecosystem [ See: U.S. NSF Broader Impacts ] . Successful proposals will also clearly identify utilization science scenarios and use cases . C apability Building Exploratory and pilot activities. <span class=""TextRun SCXW92189242 BCX4"" lang=""EN-US"" xml:lang=""EN-US"" d"
"Infrastructure Systems and People","U.S. National Science Foundation","","","2025-01-25","","","","Unrestricted (i.e., open to any type of entity above), subject to any clarification in text field entitled ""Additional Information on Eligibility""","100","PD-25-342Y","http://www.nsf.gov/funding/pgm_summ.jsp?pims_id=506398","data; infrastructure; open; assessment; rural; science; technology; engineering","Infrastructure systems comprise complex connections between physical components, organizational structures and operational methods that support the needs of people and communities at the local, regional, national, and global scales. Such systems form the backbone of society, providing essential services as well as ensuring public health and welfare, economic prosperity and national security, and are expected to function under all operational conditions. Meanwhile, infrastructure systems are capital intensive and vulnerable to disruptions from extreme events, including natural disasters, social crises, and malicious attacks. Disruptions in one system can have cascading impacts on others in space and over time. Moreover, short- versus long-term trade-offs, unintended consequences, and maladaptation are not often accounted for. How systems function at the ""extreme,"" which can be due to disruptors from the introduction of innovation, the convergence of technologies, sudden changes to their utilization and access, dramatic changes in operating environments, and changes to demand during crises are of particular interest. To ensure the efficiency, sustainability, resilience, and fair use of infrastructure systems, it is important to continuously improve and optimize their design, operations, system monitoring and performance assessment in dynamic, uncertain and sometime unknown environments. While functioning at extremes is of interest, the program also supports infrastructure systems research under the full range of operating conditions, across a variety of hazards, and in urban, suburban, and rural communities. The program particularly encourages interdisciplinary and multidisciplinary exploration that will open new research frontiers and significantly expand and transform relevant research communities. The program welcomes research that addresses novel system integration, user-inspired system and service design, data analytics, and socio-technical studies focused on engineering and system innovation during normal and extreme conditions. The program also values innovative research efforts focused on collecting, standardizing, and sharing large-scale databases of real-world infrastructure systems and people-infrastructure interactions during normal and extreme operating conditions, which can be instrumental in providing benchmarks for model verification and validation and for advancing future research innovation in ISP. The ISP program supports research on lifeline systems and communities that contributes to the National Science Foundation's role in the National Earthquake Hazards Reduction Program (NEHRP) and the National Windstorm Impact Reduction Program (NWIRP). Principal Investigators are encouraged to leverage NSF's investments in the Natural Hazards Engineering Research Infrastructure (NHERI) experimental, computational modeling and simulation, and data resources (https://www.designsafe-ci.org/) in their research to accelerate advances needed for reducing the impacts of natural hazards on infrastructures and people. While physics-based subject-matter knowledge may be crucial in many research efforts, the program does not support research whose primary methodological contribution focuses on individual infrastructure components without a systems research perspective whose primary methodological focus is on geotechnical and structural engineering, material sciences, architectural engineering, wireless communication and sensor technology, human factors, and/or hydrologic or environmental engineering. Proposers are actively encouraged to email a one-page project summary to the ISP Program Officers before submitting a full proposal for guidance on whether the proposed research topic falls within the scope of the ISP program; this guidance should especially be requested for multi-disciplinary research proposals, and proposals for which research and/or development on the subject infrastructure(s) are also supported by other federal and/or state agencies."
"Catalysis","National Science Foundation","","","2023-06-27","","4900000","","Unrestricted (i.e., open to any type of entity above), subject to any clarification in text field entitled ""Additional Information on Eligibility""","100","PD-23-1401","http://www.nsf.gov/funding/pgm_summ.jsp?pims_id=506074","data; evaluation; career; transfer; science; technology; engineering; pathways","The Catalysis program is part of the Chemical Process Systems cluster, which also includes: 1) the Electrochemical Systems program; 2) the Interfacial Engineering program; and 3) the Process Systems, Reaction Engineering, and Molecular Thermodynamics program. The goals of the Catalysis program are to increase fundamental understanding in catalytic engineering science and to advance the development of catalysts and catalytic reactions that are beneficial to society. Research should focus on critical challenges and opportunities in both new and proven catalysis technologies. Areas of emphasis may include novel catalyst compositions, structures, operating environment, data science tools, theory, and modeling - preferably in various combinations as dictated by the specific reaction and related knowledge and technology gaps. Target applications include fuels, specialty and bulk chemicals, environmental catalysis, biomass conversion to fuels and chemicals, greenhouse gas mitigation, recycling of waste materials, generation of solar hydrogen, as well as efficient routes to energy utilization. Heterogeneous catalysis represents the main thrust of the program. Proposals related to both gas-solid and liquid-solid heterogeneous catalysis are welcome, as are proposals that incorporate concepts from homogeneous catalysis. Recent research trends have highlighted the need for evaluation of catalyst performance and properties under working conditions, especially as supported by advanced in situ and in operando characterization methods. Catalyst synthesizability and stability present additional research opportunities given the harsh operating environments of many catalytic processes. Topic areas of particular interest include: Energy-related catalysis, utilizing renewable or sustainable energy in lieu of thermal, fossil fuel-based technologies, especially applications in electrocatalysis, photocatalysis, and catalytic conversion of biomass-derived chemicals, and also including fuel cell catalysis. Catalysis aimed at closing the carbon cycle (especially conversion of carbon dioxide, methane, and natural gas to fuels and chemical intermediates). Heterogeneous catalytic alternatives to traditionally non-catalytic or homogeneous reaction processes, as well as new catalyst designs for established catalytic processes. Environmental catalysis focused on mitigating both air and water pollutants, and supporting energy-efficient upcycling of waste materials to higher-value products. Catalytic remediation of feedstocks, process streams, products, or effluents. Commercially scalable methods of catalyst synthesis, including durable, poison-resistant, and easily regenerable catalyst formulations and designs. New catalytic materials and architectures (especially those substituting earth-abundant materials for precious and noble metal catalysts). Basic understanding of catalytic materials, reaction pathways, kinetics, and surface reaction mechanisms. Advanced tools for catalyst characterization and theoretical/computational catalysis. Proposals that deal with new catalytic materials, especially when viewed in light of the inherent complexity of heterogeneous catalytic reactions, will be enhanced by including plans to assess: 1) reproducibility and repeatability of data, 2) stability under realistic operating conditions including start-up and shut-down cycles, 3) performance relative to standard or well-known reference materials, and 4) quantitative, well-accepted measures of catalyst activity, selectivity, and catalytic efficiency, such as turnover frequencies, quantum and/or photon yields of photocatalysts, Faradaic efficiency of electrocatalytic reactions, and detailed product analyses and mass balances for the targeted application. NOTE: Proposals that focus on 1) molecular or homogeneous catalysis, 2) the surface science of catalysis, 3) photo redox catalysis, 4) catalytic organic synthesis reactions, and/or 5) fine chemical synthesis and pharmaceutical applications of catalysis may be more appropriately submitted to the Chemical Catalysis program.(CHE 6884) in the Division of Chemistry in the Directorate for Mathematical and Physical Sciences. Proposals focused on biocatalytic processes, including proposals focusing on enzyme engineering, cellular and biomolecular processes, should be submitted to the Cellular and Biochemical Engineering program (CBET 1491). If the proposal focuses on reaction engineering aspects of catalytic processes, submit to the Process Systems, Reaction Engineering, and Molecular Thermodynamics program (CBET 1403). Projects that are interdisciplinary in nature may be jointly funded with other CBET and NSF programs. Program directors will review the submissions and may transfer your proposal to give it the best review situation. Innovative proposals outside of these specific interest areas may be considered. However, prior to submission, it is recommended that the Principal Investigator contact the program director to avoid the possibility of the proposal being returned without review. INFORMATION COMMON TO MOST CBET PROGRAMS Proposals should address the novelty and/or potentially transformative nature of the proposed work compared to previous work in the field.Also, it is important to address why the proposed work is important in terms of engineering science, as well as to also project the potential impact on society and/or industry of success in the research.The novelty or potentially transformative nature of the research should be included, as a minimum, in the Project Summary of each proposal. The duration of unsolicited proposal awards in CBET is generally up to three years. Single-investigator award budgets typically include support for one graduate student (or equivalent) and up to one month of principal investigator time per year(awards for multiple investigator projects are typically larger). Proposal budgets that are much larger than typical should be discussed with the program director prior to submission. Proposers can view budget amounts and other information from recent awards made by this program via the ?What Has Been Funded (Recent Awards Made Through This Program, with Abstracts)? link towards the bottom of this page. Faculty Early Career Development(CAREER)program proposals are strongly encouraged. Award duration is five years.The submission deadline for Engineering CAREER proposals is in July every year. Learn more in the CAREER program description . Proposals for Conferences, Workshops, and Supplements: PIs are strongly encouraged to discuss their requests with the rogram director before submission of the proposal. Grants forRapid Response Research(RAPID)andEArly-concept Grants for Exploratory Research(EAGER)are also considered when appropriate. Please note that proposals of these types must be discussed with the program director before submission. Grant Opportunities for Academic Liaison with Industry (GOALI)proposals that integrate fundamental research with translational results and are consistent with the application areas of interest to each program are also encouraged. Please note that RAPID, EAGER, and GOALI proposals can be submitted anytime during the year. Details about RAPID, EAGER, and GOALI are available in theProposal & Award Policies & Procedures Guide(PAPPG), Part 1, Chapter II, Section E: Types of Proposals. COMPLIANCE: Proposals which are not compliant with the Proposal & Award Policies & Procedures Guide (PAPPG) will be returned without review."
"Thermal Transport Processes","National Science Foundation","","","2023-04-05","","7047000","","Unrestricted (i.e., open to any type of entity above), subject to any clarification in text field entitled ""Additional Information on Eligibility""","100","PD-23-1406","http://www.nsf.gov/funding/pgm_summ.jsp?pims_id=506070","ai; artificial intelligence; machine learning; data; learning; career; transfer; science","TheThermal Transport Processesprogram is part of the Transport Phenomena cluster, which alsoincludes1) theCombustion and Fire Systemsprogram; 2) theFluid Dynamicsprogram; and 3) theParticulate and Multiphase Processesprogram. TheThermal Transport Processesprogram supports engineering research projects that lay the foundation for newadvances in thermal transport phenomena. These projects should either develop new fundamental knowledge or combine existing knowledge in thermodynamics, fluid mechanics, and heat and mass transfer to probe new areas of innovation in thermal transport processes. The program seeks transformative projects with the potential for improvingbasic understanding, predictability and application of thermal transport processes. Projects should articulate the contribution(s) to the fundamental knowledge supporting thermal transport processes and state clearly the potential application(s) impact when appropriate.Projects that combine analytical, experimental and numerical efforts, geared toward understanding, modeling and predicting thermal phenomena, are of great interest.Collaborative and interdisciplinary proposals for which the main contribution is in thermal transport fundamentals are also encouraged. Emphasis is placed on research that demonstrates how thermal transport phenomena affect the existence, behavior and dynamics of components and systems.Priority is given to insightful investigations of fundamental problems with clearly defined economic, environmental and societal impacts. Some specific areas of interest include: Convection/diffusion/radiation: Heat and mass transport incomplex structures and surfaces;thermal-related turbulence; development of form-functionrelationships in thermal processes; thermal design methodology; phonon transport and interactions between energy carriers; radiationamplification, controlling, and extinction; interfacial gas-solid andliquid-solid thermal and species-driven phenomena. Thermodynamics: Thermal-electric energy conversion; battery-related thermal issues; power generation and propulsion; phase-change and supercritical energy cycles;non-equilibriumthermal processes. Biologicalheatand mass transport: Biomimicry;intra- andextra-cellular heat and mass transport; freeze resistancemechanisms;thermotherapy and thermoregulation; organ conservation(freezing and thawing); mass transport in biomedical and health systems. Nanothermics,microthermics,and mesothermics: Scaling upnanoscale heat transport processes or coupledheat-mass transport processes; utilization ofnew multi-functional, meta- and graded-materials in thermal transport;nano-texturingand phase-change; multi-scale thermal transport in aprocess. Thermal solutions to climate change: Decarbonizing industrial processes; novel heating and cooling technologies with minimal greenhouse gas emissions; thermal-driven clean energy concepts; thermal and thermochemical energy storage; waste heat recovery and transmission; thermal science and technology to enable electrification of energy services. Thermal science and quantum technology interface: Quantum sensors for thermal measurements;quantum computing for thermal sciences;thermodynamics and novel cryogenic cooling concepts for quantum devices;thermal transport in quantum materials and quantum phenomena; thermal solutions for next-generation qubits, qubit coupling, and quantum information storage. New metrology and artificial intelligence (AI)/machinelearning methodologies in thermal sciences: Advanced thermal imagingand measurement techniques for high-resolutionin situthermal imaging and non-invasive temperature measurement; novel AI/machine learning methodologies and other data-intensive approaches that can be coupled with physics-based models and/or experiments to enable new understanding and discoveries in thermal transport processes. NOTE: Proposalsincluding chemical kinetics should be submitted to the ENG/CBETCombustion and FireSystemsprogram. Proposals dealing mainly with materials synthesis, processing and characterization should be directed to the ENG/CMMIAdvanced Manufacturingprogram or the Division of Materials Research (DMR) in the Directorate for Mathematical and Physical Sciences (MPS). Proposals at the interface of computational/mathematical sciences and thermal transport are encouraged but should be submitted to theComputational and Data-Enabled Science & Engineering(CDS&E) program. Proposals seeking the utilization of the International Space Station U.S. National Laboratory should follow the instructions in the NSF/CASIS solicitations (e.g., NSF 22-539). Proposals related to the Air Force Office of Scientific Research (AFOSR) general area of thermal transport properties of novel materials and heterostructures should be submitted as regular proposals to theThermal Transport Processesprogram. Those proposals may be jointly reviewed by NSF and AFOSR using the NSF merit review process. Actual funding format and agency split for an award (depending on availability of funds) will be determined after the proposal selection process. Proposals related to the Department of Energy (DOE) general area of thermal and thermochemical energy storage materials and processes should be submitted as regular proposals to theThermal Transport Processesprogram. In these cases, the PI should contact the program director to confirm suitability of the topic prior to submitting the proposal. Innovative proposals outside of these specific interest areas may be considered.However, prior to submission, it is recommended that the PI contact the program director to avoid the possibility of the proposal being returned without review. Innovative proposals outside of these specific interest areas may be considered.However, prior to submission, it is recommended that the Principal Investigator contact the program director to avoid the possibility of the proposal being returned without review. INFORMATION COMMON TO MOST CBET PROGRAMS Proposals should address the novelty and/or potentially transformative nature of the proposed work compared to previous work in the field.Also, it is important to address why the proposed work is important in terms of engineering science, as well as to also project the potential impact on society and/or industry of success in the research.The novelty or potentially transformative nature of the research should be included, as a minimum, in the Project Summary of each proposal. The duration of unsolicited proposal awards in CBET is generally up to three years. Single-investigator award budgets typically include support for one graduate student (or equivalent) and up to one month of PI time per year(awards for multiple investigator projects are typically larger). Proposal budgets that are much larger than typical should be discussed with the program director prior to submission. Proposers can view budget amounts and other information from recent awards made by this program via the ""What Has Been Funded (Recent Awards Made Through This Program, with Abstracts)"" link towards the bottom of this page. Faculty Early Career Development(CAREER)program proposals are strongly encouraged.Award duration is five years.The submission deadline for Engineering CAREER proposals is in July every year. Learn more in the CAREER program description . Proposals for Conferences, Workshops, and Supplements: PIs are strongly encouraged to discuss their requests with the program director before submission of the proposal. Grants forRapid Response Research(RAPID)andEArly-concept Grants for Exploratory Research(EAGER)are also considered when appropriate.Please note that proposals of these types must be discussed with the program director before submission.Grant Opportunities for Academic Liaison with Industry (GOALI)proposals that integrate fundamental research with translational results and are consistent with the application areas of interest to each program are also encouraged. Please note that RAPID, EAGER, and GOALI proposals can be submitted anytime during the year. Details about RAPID, EAGER, and GOALI are available in the Proposal & Award Policies & Procedures Guide (PAPPG), Part 1, Chapter II, Section E: Types of Proposals. Compliance: Proposals that are not compliant with the Proposal & Award Policies & Procedures Guide (PAPPG) will be returned without review."
"Biosensing","National Science Foundation","","","2019-09-12","","7600000","","Unrestricted (i.e., open to any type of entity above), subject to any clarification in text field entitled ""Additional Information on Eligibility""","100","PD-20-7909","http://www.nsf.gov/funding/pgm_summ.jsp?pims_id=505720","ai; artificial intelligence; machine learning; data; learning; disability; career; science","The Biosensing program is part of the Engineering Biology and Health cluster, which also includes 1) the Biophotonics program; 2) the Cellular and Biochemical Engineering program; 3) the Disability and Rehabilitation Engineering program; and 4) the Engineering of Biomedical Systems program. The Biosensing program supports fundamental engineering research in the monitoring, identification and/or quantification of biological analytes and phenomena using innovations that exist at the intersection of engineering, life sciences, and information technology. Projects submitted to the program must advance both engineering and life sciences. The Biosensing program encourages proposals that, in addition to advancing biosensing technology, address critical sensor needs in biomedical research, public health, food safety, agriculture, forensics, environmental protection, and homeland security. Proposals are especially encouraged in areas of critical need: sensing technologies that can enable monitoring and surveillance of the environment and/or individuals for novel infectious agents; platform technologies that can readily be modified as soon as new agents are detected, sequenced, and/or otherwise characterized to enable rapid deployment of sensors in clinics and the environment; and adaptive and/or multiplex sensing technologies that can help the nation prevent the spread of the next global pandemic. Major areas of interest for the program include: Novel signal transduction principles and mechanisms that enable sensitive and specific biosensors, suitable for measurements in multiple areas; Design of novel biorecognition elements and appropriately designed transducing systems to enable adaptable and/or reconfigurable operating parameters in response to environmental changes or application needs at levels of device, system, or data analysis; Development of adaptive and/or evolvable biosensing systems for detection of novel target analytes or analytes under novel conditions; Novel synthetic biology approaches for the development of cell-free and cell-based biosensors; and Combining biosensors with artificial intelligence (AI) methods to improve sensor specificity and response time. Innovative ideas outside of the above specific interest areas may be considered. However, prior to submission, it is recommended that the PI contact the program director to avoid the possibility of the proposal being returned without review. The Biosensors program does not encourage proposals addressing circuit design for signal processing and amplification, computational modeling, and microfluidics for sample separation and filtration. Medical imaging-based measurements are outside of the scope of the program interests. Proposals that rely heavily on descriptive approaches are given lower priority. Proposals for optimizing and/or utilizing established methods for specific applications should be directed to programs focused on the application of sensor technology. NOTE: Projects related to water and/or soil quality may be jointly supported with the Environmental Engineering program (CBET 1440). Photonic devices with medical imaging and/or optogenetics should be submitted to the Biophotonics program (CBET 7236). Applications of devices for tissue engineering or organ-on-chip systems should be submitted to the Engineering of Biomedical Systems program (CBET 5345). Basic chemical/biochemical sensing mechanisms should be submitted to the Chemical Measurement and Imaging program (CMI 6880) in the Division of Chemistry. Proposals for dynamic biosensing systems, including circuit design for signal/data processing and amplification, and sensing systems through communication and machine learning should be submitted to the Communications, Circuits, and Sensing-Systems program (CCSS 7564) in the Division of Electrical, Communications, and Cyber Systems. INFORMATION COMMON TO MOST CBET PROGRAMS Proposals should address the novelty and/or potentially transformative nature of the proposed work compared to previous work in the field.Also, it is important to address why the proposed work is important in terms of engineering science, as well as to also project the potential impact on society and/or industry of success in the research.The novelty or potentially transformative nature of the research should be included, as a minimum, in the Project Summary of each proposal. The duration of unsolicited proposal awards in CBET is generally up to three years. Single-investigator award budgets typically include support for one graduate student (or equivalent) and up to one month of PI time per year(awards for multiple investigator projects are typically larger). Proposal budgets that are much larger than typical should be discussed with the program director prior to submission. Proposers can view budget amounts and other information from recent awards made by this program via the ?What Has Been Funded (Recent Awards Made Through This Program, with Abstracts)? link towards the bottom of this page. Faculty Early Career Development(CAREER)program proposals are strongly encouraged.Award duration is five years.The submission deadline for Engineering CAREER proposals is in July every year. Learn more in the CAREER program description . Proposals for Conferences, Workshops, and Supplements: PIs are strongly encouraged to discuss their requests with the program director before submission of the proposal. Grants forRapid Response Research(RAPID)andEArly-concept Grants for Exploratory Research(EAGER)are also considered when appropriate. Please note that proposals of these types must be discussed with the program director before submission. Grant Opportunities for Academic Liaison with Industry (GOALI)proposals that integrate fundamental research with translational results and are consistent with the application areas of interest to each program are also encouraged. Please note that RAPID, EAGER, and GOALI proposals can be submitted anytime during the year. Details about RAPID, EAGER, and GOALI are available in the Proposal & Award Policies & Procedures Guide(PAPPG), Part 1, Chapter II, Section E: Types of Proposals. Compliance: Proposals that are not compliant with the Proposal & Award Policies & Procedures Guide (PAPPG) will be returned without review."
"Research in the Formation of Engineers","National Science Foundation","","","2023-09-17","","5600000","","Unrestricted (i.e., open to any type of entity above), subject to any clarification in text field entitled ""Additional Information on Eligibility""","100","PD-24-1340","http://www.nsf.gov/funding/pgm_summ.jsp?pims_id=506225","artificial intelligence; machine learning; data; open; learning; evaluation; workforce; undergraduate","The NSF Engineering Directorate (ENG) has launched a multi-year initiative, theProfessional Formation of Engineers, to create and support an innovative and inclusive engineering profession for the 21 st century. Professional Formation of Engineers (PFE) refers to the formal and informal processes and value systems by which people become engineers. It also includes the ethical responsibility of practicing engineers to sustain and grow the profession in order to improve quality of life for all peoples. The engineering profession must be responsive to national priorities, grand challenges, and dynamic workforce needs; it must be equally open and accessible to all. Professional Formation of Engineers includes, but is not limited, to: Introductions to the profession at any age; Development of deep technical and professional skills, knowledge, and abilities in both formal and informal settings/domains; Development of outlooks, perspectives, ways of thinking, knowing, and doing; Development of identity as an engineer and its intersection with other identities; and Acculturation to the profession, its standards, and norms. The goal of the Research in the Formation of Engineers (RFE) program is to advance our understanding of professional formation. It seeks both to deepen our fundamental understanding of the underlying processes and mechanisms that support professional formation and to demonstrate how professional formation is or can be accomplished. Ultimately RFE aims to transform the engineer-formation system, and thus the impact of proposed projects on this system must be described. Principal Investigators (PIs) should provide a roadmap detailing how they envision the proposed research will eventually broadly impact practice within the engineer-formation system, even if these activities are not within the scope of the submitted proposal. In order to accomplish its goals, RFE welcomes proposals in two categories: Research Projects, and Design and Development Projects. Research Projects address fundamental questions of professional formation, while Design and Development Projects provide new approaches to achieving professional formation. Additional details are provided below. Projects in both categories should address the iterative cycle in which research questions that advance understanding are informed by practice and the results of research are, in turn, translated into practice. In other words, proposals should explain how the research results will travel, translate, transfer, or scale. Successful projects identify specific target audiences, effective communication channels, and novel partnerships to ensure effective propagation and scaling. Proposal titles should begin with either ""Research:"" or ""Design and Development:"" as appropriate. Research Projects Research proposals are particularly welcome in the following areas: Research that addresses lifelong learning by the engineering workforce. Research on the impact of engineering education research. Proposals addressing this topic could investigate questions such as: How can we measure the impacts of engineering education research? What are effective strategies for scaling reforms? How can we translate knowledge from research to practice? What are the roles of technologies, networks and communities in achieving impact? RFE does not support efficacy, effectiveness, or scale-up studies for specific interventions. Research that addresses culture change in engineering education. Included in this topic are investigations of normative cultures of engineering at any level in the engineering education ecosystem and how these cultures may disadvantage certain groups. Research that addresses engineering formation at the two-year college level in both formal and informal settings. Research that addresses engineering formation at the graduate education level in both formal and informal settings. Research that investigates engineering in P-12 settings. Research in this area could include understanding of approaches to engineering in P-12, how to develop engineering ways of thinking, or the relationship between practices within the sciences and mathematics and engineering thinking. Research on the transitions between education levels, e.g., from high school to two-year college, high school to four-year college/university, two-year college to four-year college/university, undergraduate to graduate school, education settings to the workforce or professoriate, etc. Research that addresses the relationship between engineering and the public. Proposals addressing this topic could consider the social impact of engineering solutions, citizen engineering, education of an informed public, etc. Research that develops or adapts novel methodologies and frameworks appropriate for studying the professional formation of engineers, and especially minoritized, marginalized, or underserved populations. Research that addresses ways in which new technologies (such as artificial intelligence and machine learning) are changing engineering education. Research to transform engineering education so that all students encounter environmental and social sustainability principles as an integrated part of their education and are equipped with the tools needed to incorporate these principles into their future research, careers, and innovations. Proposals submitted to the Research Projects category should have clear research questions informed by an appropriate theoretical framework and a research design that includes sampling, data collection, and data analysis methods. This category will not support proposals that seek funding primarily to develop tools, curriculum, or laboratories, or that seek to implement classroom innovations that have already been shown to be effective in engineering. The program will evaluate the value of proposals by considering the impact and the cost. Research track projects that are small, exploratory, or speculative are especially encouraged. Larger Research track projects should have a correspondingly larger impact. Design and Development Projects RFE supports Design and Development projects (see https://www.nsf.gov/publications/pub_summ.jsp?ods_key=nsf13126 ) that seek to develop and test new approaches in the following areas related to engineering education : Graduate education. Undergraduate education in new engineering technologies and environmental sustainability. Transitions between education levels, for example high school to two-year college, high school to four-year college/university, two-year college to four-year college/university, undergraduate to graduate school, education settings to the workforce or professoriate, etc. P-12, especially approaches to develop engineering thinking, or providing links between engineering, science, and mathematics. Proposals in this category should propose the design and development of new approaches that are informed by existing literature and theory. There should be clear objectives and the evaluation plan should be designed to determine if those objectives have been met. Projects cannot be solely demonstration projects but must add to the engineering education literature to inform future work."
"Fluid Dynamics","National Science Foundation","","","2023-03-21","","9175000","","Unrestricted (i.e., open to any type of entity above), subject to any clarification in text field entitled ""Additional Information on Eligibility""","100","PD-23-1443","http://www.nsf.gov/funding/pgm_summ.jsp?pims_id=506069","ai; artificial intelligence; machine learning; data; learning; career; science; engineering","TheFluid Dynamicsprogram is part of the Transport Phenomena cluster, which also includes 1) theCombustion and Fire Systemsprogram; 2) theParticulate and Multiphase Processesprogram; and 3) theThermal Transport Processesprogram. TheFluid Dynamicsprogram supports fundamental research toward gaining an understanding of the physics of various fluid dynamics phenomena. Proposed research should contribute to basic scientific understanding via experiments, theoretical developments, and computational discovery. Major areas of interest and activity in the program include: Turbulence and transition: High Reynolds number experiments; large eddy simulation; direct numerical simulation; transition to turbulence; 3-D boundary layers; separated flows; multi-phase turbulent flows; flow control and drag reduction. High-speed boundary layer transition and turbulence at Mach numbers greater than 5 to understand modal and/or non-modal interactions leading to boundary layer transition and the ensuing developing and fully developed turbulent boundary layer flows.Combined experiments and simulations are encouraged. Bio-fluid physics:Bio-inspired flows; biological flows with emphasis on flow physics. Non-Newtonian fluid mechanics:Single-phase viscoelastic flows; solutions of macro-molecules. Bubble dynamics: Bubbles related to cavitation and/or drag reduction or impacting the fluid viscosity (locally) or manipulation of bubbles with external excitation (acoustofluidics). Microfluidics and nanofluidics: Micro-and nano-scale flow physics. Wind and ocean energy harvesting: Focused on fundamental fluid dynamics associated with renewable energy. The NSF-DOE (Department of Energy) joint funding area is focused on high Reynolds number aerodynamics of thick airfoils (&gt; 21% thickness/chord) operating in complex (3D) steady, unsteady, and separated flows. Impacts of blade surface quality/roughness rotor performance on the aerodynamic/aeroelastic performance of novel rotor geometries and supporting structures are also of interest. Air/sea interactions, including waves/currents, on the hydrodynamic loading for offshore wind turbines. Improved measurement techniques and sensing/control technologies required to characterize the metocean environment impact on performance. The DoE participates in this initiative throughthe Wind Energy Technologies Office (program manager Michael Derby, email: michael.derby@ee.doe.gov). Fluid-structure interactions:General FSI applications across the low- to high-Reynolds number range are of interest to NSF. In addition, NSF-AFOSR (Air Force Office of Scientific Research) joint funding area is focused on theory, modeling and/or experiments for hypersonic applications. AFOSR participates in this initiative through the Aerothermodynamics program. Canonicalconfigurations:Experimental research is encouraged to develop spatiotemporally resolveddatabases for canonical configurations to either confirm historicalresults or to provide data in an unexplored parameter region. Fidelity and completeness for theoretical/computational validation is a key attribute of theproposed experimental data. Artificial intelligence (AI)/machine learning:Innovative AI ideas related to the use of machine learning and other AI approaches in fluid dynamics research to model and control the flows are encouraged.Verifying new models with canonicalconfigurations, when appropriate, is encouraged for theComputational andData-Enabled Science & Engineering(CDS&E) program. Instrumentation and Flow Diagnostics: Instrument development for time-space resolvedmeasurements; shear stress sensors; novel flow imaging; and velocimetry. NOTE:Proposals that use fluid flows as a boundary input condition or a driving force in a problem do not fit within the scope of this program. Proposals focused on particulates (including droplets) two-way coupled with fluids, colloids, and multiphase rheology and processes should be directed to the Particulate andMultiphase Processesprogram. Proposals dealing mainly with materials synthesis, processing and characterization may be more suitable for theAdvanced Manufacturingprogramin the Division of Civil, Mechanical, and Manufacturing Innovation orprograms in theDivision of Materials Research. Proposals dealing primarily with sensors and controls may be more suitable for the Dynamics, Controls, & Cognition program in the Division of Civil, Mechanical, and Manufacturing Innovation. Proposals focused on biological systems may be more suitable forPhysiological and Structural Systemsin the Division of Integrative Organismal Systems. INFORMATION COMMON TO MOST CBET PROGRAMS Proposals should address the novelty and/or potentially transformative nature of the proposed work compared to previous work in the field.Also, it is important to address why the proposed work is important in terms of engineering science, as well as to also project the potential impact on society and/or industry of success in the research.The novelty or potentially transformative nature of the research should be included, as a minimum, in the Project Summary of each proposal. The duration of unsolicited proposal awards in CBET is generally up to three years. Single-investigator award budgets typically include support for one graduate student (or equivalent) and up to one month of PI time per year(awards for multiple investigator projects are typically larger). Proposal budgets that are much larger than typical should be discussed with the program director prior to submission. Proposers can view budget amounts and other information from recent awards made by this program via the ""What Has Been Funded (Recent Awards Made Through This Program, with Abstracts)"" link towards the bottom of this page. Faculty Early Career Development(CAREER)program proposals are strongly encouraged.Award duration is five years.The submission deadline for Engineering CAREER proposals is in July every year. Learn more in the CAREER program description . Proposals for Conferences, Workshops, and Supplements: PIs are strongly encouraged to discuss their requests with the program director before submission of the proposal. Grants forRapid Response Research(RAPID)andEArly-concept Grants for Exploratory Research(EAGER)are also considered when appropriate.Please note that proposals of these types must be discussed with the program director before submission.Grant Opportunities for Academic Liaison with Industry (GOALI)proposals that integrate fundamental research with translational results and are consistent with the application areas of interest to each program are also encouraged. Please note that RAPID, EAGER, and GOALI proposals can be submitted anytime during the year. Details about RAPID, EAGER, and GOALI are available in the Proposal & Award Policies & Procedures Guide (PAPPG), Part 1, Chapter II, Section E: Types of Proposals. Compliance: Proposalsthat are not compliant with the Proposal & Award Policies & Procedures Guide (PAPPG) will be returned without review."
"Higher Education & Career Pathways Causal Research to Improve Outcomes for Part-Time Students RFP Closed","Arnold Ventures","Private foundation","","","","","","","74","","https://assets.arnoldventures.org/uploads/PDFs/202605-AV_RFP_PT-Student-Success.pdf","outcomes; higher education; career; career pathways; pathways; causal","Private foundation. Matched source page for Arnold Ventures. Higher Education & Career Pathways Causal Research to Improve Outcomes for Part-Time Students RFP Closed"
"Grants and Funding Resources Information and resources on K-12 school funding, grants and programs","Oregon Department of Education Grants","State funding","","","","","","","68","","https://www.oregon.gov/ode/schools-and-districts/grants","k-12","State funding. Matched source page for Oregon Department of Education Grants. Grants and Funding Resources Information and resources on K-12 school funding, grants and programs"
"Oregon Accelerated College Credit Program Grant","Oregon Department of Education Grants","State funding","","","","","","","68","","https://www.oregon.gov/ode/schools-and-districts/grants/Pages/Oregon-Accelerated-College-Credit-Program-Grant.aspx","college","State funding. Matched source page for Oregon Department of Education Grants. Oregon Accelerated College Credit Program Grant"
"Available Funding","California Department of Education Funding","State funding","","","","","","","64","","https://www.cde.ca.gov/fg/fo/af/","","State funding. Matched source page for California Department of Education Funding. Available Funding"
"Federal Grants","Hawaii Department of Education Grants","State funding","","","","","","","64","","https://hawaiipublicschools.org/about/federal-grants/","","State funding. Matched source page for Hawaii Department of Education Grants. Federal Grants"
"Learning and Evaluation","ECMC Foundation","Private foundation","","","","","","","60","","https://www.ecmcfoundation.org/what-we-do/learning-and-evaluation/","learning; evaluation","Private foundation. Matched source page for ECMC Foundation. Learning and Evaluation"
"Advanced Placement Course Implementation Grant","Illinois State Board of Education Grants","State funding","","","","","","","56","","https://www.isbe.net/Pages/Advanced-Placement.aspx","implementation","State funding. Matched source page for Illinois State Board of Education Grants. Advanced Placement Course Implementation Grant"
"English Learning and Migrant Education","Indiana Department of Education Grants","State funding","","","","","","","56","","https://www.in.gov/doe/grants/english-learning-and-migrant-education","learning","State funding. Matched source page for Indiana Department of Education Grants. English Learning and Migrant Education"
"1008 Grants (Student Learning Recovery Program)","Indiana Department of Education Grants","State funding","","","","","","","56","","https://www.in.gov/doe/grants/1008-grants","learning","State funding. Matched source page for Indiana Department of Education Grants. 1008 Grants (Student Learning Recovery Program)"
"Early Intervention Grant","Indiana Department of Education Grants","State funding","","","","","","","56","","https://www.in.gov/doe/grants/early-intervention-grant","intervention","State funding. Matched source page for Indiana Department of Education Grants. Early Intervention Grant"
"State Summer Learning Grants","Oregon Department of Education Grants","State funding","","","","","","","56","","https://www.oregon.gov/ode/schools-and-districts/grants/Pages/Summer%20Learning/State-Summer-Learning-Grants.aspx","learning","State funding. Matched source page for Oregon Department of Education Grants. State Summer Learning Grants"
"Today’s Credentials &rarr;","Lumina Foundation","Private foundation","","","","","","","54","","https://www.luminafoundation.org/topics/todays-credentials/","credentials","Private foundation. Matched source page for Lumina Foundation. Today’s Credentials &rarr;"
"University Success","Michael & Susan Dell Foundation","Private foundation","","","","","","","54","","https://www.dell.org/university-success/","university","Private foundation. Matched source page for Michael & Susan Dell Foundation. University Success"
"Capital Improvement Grants and Projects","Alaska Department of Education Grants","State funding","","","","","","","52","","https://education.alaska.gov/facilities/facilitiescip","","State funding. Matched source page for Alaska Department of Education Grants. Capital Improvement Grants and Projects"
"Federal Grants Management","Alaska Department of Education Grants","State funding","","","","","","","52","","https://education.alaska.gov/grants/fed-grants","","State funding. Matched source page for Alaska Department of Education Grants. Federal Grants Management"
"Quality Schools Grant","Alaska Department of Education Grants","State funding","","","","","","","52","","https://education.alaska.gov/tls/qualityschools/","","State funding. Matched source page for Alaska Department of Education Grants. Quality Schools Grant"
"Apply for a US Department of Education Federal Grant","Alaska Department of Education Grants","State funding","","","","","","","52","","https://www2.ed.gov/fund/grant/apply/grantapps/index.html?src=ft","","State funding. Matched source page for Alaska Department of Education Grants. Apply for a US Department of Education Federal Grant"
"Consolidated Application","California Department of Education Funding","State funding","","","","","","","52","","https://www.cde.ca.gov/fg/aa/co/","","State funding. Matched source page for California Department of Education Funding. Consolidated Application"
"Migrant/International","California Department of Education Funding","State funding","","","","","","","52","","https://www.cde.ca.gov/sp/me/","","State funding. Matched source page for California Department of Education Funding. Migrant/International"
"Request for Applications","California Department of Education Funding","State funding","","","","","","","52","","https://www.cde.ca.gov/fg/fo/r1/pcsgppire26rfa.asp","","State funding. Matched source page for California Department of Education Funding. Request for Applications"
"RFA-26: CSESAP","California Department of Education Funding","State funding","","","","","","","52","","https://www.cde.ca.gov/fg/fo/r14/csesap26rfa.asp","","State funding. Matched source page for California Department of Education Funding. RFA-26: CSESAP"
"RFA-25: CSESAP","California Department of Education Funding","State funding","","","","","","","52","","https://www.cde.ca.gov/fg/fo/r14/csesap25rfa.asp","","State funding. Matched source page for California Department of Education Funding. RFA-25: CSESAP"
"Competitive Grants and Awards","Colorado Department of Education Grants","State funding","","","","","","","52","","https://www.cde.state.co.us/cdeawards","","State funding. Matched source page for Colorado Department of Education Grants. Competitive Grants and Awards"
"State and Federal Grants Allocations","Colorado Department of Education Grants","State funding","","","","","","","52","","https://www.cde.state.co.us/cdefisgrant/allocations","","State funding. Matched source page for Colorado Department of Education Grants. State and Federal Grants Allocations"
"Request For Funds Forms (RFF)","Colorado Department of Education Grants","State funding","","","","","","","52","","https://www.cde.state.co.us/cdefisgrant/requestforfundsforms","","State funding. Matched source page for Colorado Department of Education Grants. Request For Funds Forms (RFF)"
"Idaho Public School Facilities Cooperative Funding Application","Idaho Department of Education Funding","State funding","","","","","","","52","","https://www.sde.idaho.gov/wp-content/uploads/2025/11/Idaho-Public-School-Facilities-Cooperative-Funding-Application.docx","","State funding. Matched source page for Idaho Department of Education Funding. Idaho Public School Facilities Cooperative Funding Application"
"Finance Application Center","Indiana Department of Education Grants","State funding","","","","","","","52","","https://www.in.gov/doe/school-operations/finance/finance-application-center","","State funding. Matched source page for Indiana Department of Education Grants. Finance Application Center"
"Federal Grants","Indiana Department of Education Grants","State funding","","","","","","","52","","https://www.in.gov/doe/grants/#Federal_Grants","","State funding. Matched source page for Indiana Department of Education Grants. Federal Grants"
"School Improvement Grants (SIG)","Indiana Department of Education Grants","State funding","","","","","","","52","","https://www.in.gov/doe/grants/sig","","State funding. Matched source page for Indiana Department of Education Grants. School Improvement Grants (SIG)"
"State Grants","Indiana Department of Education Grants","State funding","","","","","","","52","","https://www.in.gov/doe/grants/#State_Grants","","State funding. Matched source page for Indiana Department of Education Grants. State Grants"
"High Ability Program Grant","Indiana Department of Education Grants","State funding","","","","","","","52","","https://www.in.gov/doe/grants/high-ability-program-grant","","State funding. Matched source page for Indiana Department of Education Grants. High Ability Program Grant"
"Grants","Minnesota Department of Education Grants","State funding","","","","","","","52","","https://education.mn.gov/MDE/dse/grants/","","State funding. Matched source page for Minnesota Department of Education Grants. Grants"
"CFDA 84.027A, Special Education Grants to States","Minnesota Department of Education Grants","State funding","","","","","","","52","","https://singleaudit.org/program/?id=84.027","","State funding. Matched source page for Minnesota Department of Education Grants. CFDA 84.027A, Special Education Grants to States"
"mde.compgrants@state.mn.us","Minnesota Department of Education Grants","State funding","","","","","","","52","","mailto:mde.compgrants@state.mn.us?subject=Expanded%20Tutoring,%20%3C%3Cthe%20name%20of%20your%20organization%3E%3E","","State funding. Matched source page for Minnesota Department of Education Grants. mde.compgrants@state.mn.us"
"Application Narrativ e and Assurances","Minnesota Department of Education Grants","State funding","","","","","","","52","","https://education.mn.gov/mdeprod/idcplg?IdcService=GET_FILE&amp;dDocName=PROD081168&amp;RevisionSelectionMethod=latestReleased&amp;Rendition=primary","","State funding. Matched source page for Minnesota Department of Education Grants. Application Narrativ e and Assurances"
"mde.compgrants@state.mn.us","Minnesota Department of Education Grants","State funding","","","","","","","52","","mailto:mde.compgrants@state.mn.us","","State funding. Matched source page for Minnesota Department of Education Grants. mde.compgrants@state.mn.us"
"Grants","Nebraska Department of Education Grants","State funding","","","","","","","52","","https://www.education.ne.gov/ns/nslp/grants/","","State funding. Matched source page for Nebraska Department of Education Grants. Grants"
"School Kitchen Modernization Grant","Nebraska Department of Education Grants","State funding","","","","","","","52","","https://www.education.ne.gov/wp-content/uploads/2026/07/Rural-Health-Transformation-Program-School-Kitchen-Modernization-Grant.pdf","","State funding. Matched source page for Nebraska Department of Education Grants. School Kitchen Modernization Grant"
"Salad Bars to Schools Grant","Nebraska Department of Education Grants","State funding","","","","","","","52","","https://www.thelunchbox.org/apply-for-a-grant/salad-bars-to-schools/","","State funding. Matched source page for Nebraska Department of Education Grants. Salad Bars to Schools Grant"
"KidsGardening Grant","Nebraska Department of Education Grants","State funding","","","","","","","52","","https://kidsgardening.org/grant-opportunities/","","State funding. Matched source page for Nebraska Department of Education Grants. KidsGardening Grant"
"Grants","Nevada Department of Education Grants","State funding","","","","","","","52","","https://doe.nv.gov/grants","","State funding. Matched source page for Nevada Department of Education Grants. Grants"
"7/1/2026 - Nevada Ready! Pre-K Common Application Launches July 1","Nevada Department of Education Grants","State funding","","","","","","","52","","https://doe.nv.gov/news-media/2026-press-releases/nevada-ready-pre-k-common-application-launches-july-1","","State funding. Matched source page for Nevada Department of Education Grants. 7/1/2026 - Nevada Ready! Pre-K Common Application Launches July 1"
"3/23/2026 - Nevada Department of Education Seeks Public Comment on IDEA Application","Nevada Department of Education Grants","State funding","","","","","","","52","","https://doe.nv.gov/news-media/2026-press-releases/nevada-department-of-education-seeks-public-comment-on-idea-application","","State funding. Matched source page for Nevada Department of Education Grants. 3/23/2026 - Nevada Department of Education Seeks Public Comment on IDEA Application"
"Grant Opportunities","New Jersey Department of Education Grants","State funding","","","","","","","52","","https://www.nj.gov/education/grants/opportunities/index.shtml","","State funding. Matched source page for New Jersey Department of Education Grants. Grant Opportunities"
"Discretionary Grants","New Jersey Department of Education Grants","State funding","","","","","","","52","","https://www.nj.gov/education/grants/discretionary","","State funding. Matched source page for New Jersey Department of Education Grants. Discretionary Grants"
"Discretionary Grants Overview","New Jersey Department of Education Grants","State funding","","","","","","","52","","https://www.nj.gov/education/grants/discretionary/index.shtml","","State funding. Matched source page for New Jersey Department of Education Grants. Discretionary Grants Overview"
"Grant Applications","New Jersey Department of Education Grants","State funding","","","","","","","52","","https://www.nj.gov/education/grants/discretionary/apps","","State funding. Matched source page for New Jersey Department of Education Grants. Grant Applications"
"Grant Management","New Jersey Department of Education Grants","State funding","","","","","","","52","","https://www.nj.gov/education/grants/discretionary/management","","State funding. Matched source page for New Jersey Department of Education Grants. Grant Management"
"Entitlement Grants","New Jersey Department of Education Grants","State funding","","","","","","","52","","https://www.nj.gov/education/grants/entitlement","","State funding. Matched source page for New Jersey Department of Education Grants. Entitlement Grants"
"Entitlement Grants Overview","New Jersey Department of Education Grants","State funding","","","","","","","52","","https://www.nj.gov/education/grants/entitlement/index.shtml","","State funding. Matched source page for New Jersey Department of Education Grants. Entitlement Grants Overview"
"Policies and Procedures for Reimbursement of Federal and Other Grant Expenditures","New Jersey Department of Education Grants","State funding","","","","","","","52","","https://www.nj.gov/education/grants/entitlement/reiumbursement","","State funding. Matched source page for New Jersey Department of Education Grants. Policies and Procedures for Reimbursement of Federal and Other Grant Expenditures"
"Grant Development","Oklahoma State Department of Education Grants","State funding","","","","","","","52","","https://sde.ok.gov/education/services/grant-development.html","","State funding. Matched source page for Oklahoma State Department of Education Grants. Grant Development"
"Grants and Funding Resources","Oregon Department of Education Grants","State funding","","","","","","","52","","https://www.oregon.gov/ode/schools-and-districts/grants/Pages/default.aspx","","State funding. Matched source page for Oregon Department of Education Grants. Grants and Funding Resources"
"Physical Education Expansion K-8 (PEEK-8) Grants","Oregon Department of Education Grants","State funding","","","","","","","52","","https://www.oregon.gov/ode/educator-resources/standards/physicaleducation/pages/default.aspx","","State funding. Matched source page for Oregon Department of Education Grants. Physical Education Expansion K-8 (PEEK-8) Grants"
"Outdoor School Grant","Oregon Department of Education Grants","State funding","","","","","","","52","","https://www.oregon.gov/ode/schools-and-districts/grants/Pages/https&#58;//extension.oregonstate.edu/outdoor-school","","State funding. Matched source page for Oregon Department of Education Grants. Outdoor School Grant"
"Regional Promise Grant","Oregon Department of Education Grants","State funding","","","","","","","52","","https://www.oregon.gov/ode/schools-and-districts/grants/Pages/Regional-Promise-Grant.aspx","","State funding. Matched source page for Oregon Department of Education Grants. Regional Promise Grant"
"Grants","South Carolina Department of Education Grants","State funding","","","","","","","52","","https://ed.sc.gov/finance/grants/","","State funding. Matched source page for South Carolina Department of Education Grants. Grants"
"Grants Accounting","South Carolina Department of Education Grants","State funding","","","","","","","52","","https://ed.sc.gov/finance/grants-accounting/","","State funding. Matched source page for South Carolina Department of Education Grants. Grants Accounting"
"SCDE Grant Opportunities","South Carolina Department of Education Grants","State funding","","","","","","","52","","http://ed.sc.gov/finance/grants/office-of-grant-services/scde-grant-opportunities/","","State funding. Matched source page for South Carolina Department of Education Grants. SCDE Grant Opportunities"
"SCDE Current Grant Opportunities","South Carolina Department of Education Grants","State funding","","","","","","","52","","https://ed.sc.gov/finance/grants/scde-grant-opportunities/","","State funding. Matched source page for South Carolina Department of Education Grants. SCDE Current Grant Opportunities"
"SCDE Archived Grant Opportunities","South Carolina Department of Education Grants","State funding","","","","","","","52","","https://ed.sc.gov/finance/grants/scde-grant-opportunities/scde-archived-grant-opportunities/","","State funding. Matched source page for South Carolina Department of Education Grants. SCDE Archived Grant Opportunities"
"Grant Programs Administered by SCDE","South Carolina Department of Education Grants","State funding","","","","","","","52","","https://ed.sc.gov/finance/grants/grant-programs-administered-by-scde/","","State funding. Matched source page for South Carolina Department of Education Grants. Grant Programs Administered by SCDE"
"SCDE Grants Program","South Carolina Department of Education Grants","State funding","","","","","","","52","","https://ed.sc.gov/finance/grants/office-of-grant-services/","","State funding. Matched source page for South Carolina Department of Education Grants. SCDE Grants Program"
"Grant Appeals Process","South Carolina Department of Education Grants","State funding","","","","","","","52","","https://ed.sc.gov/finance/grants/office-of-grant-services/grant-appeal-process/","","State funding. Matched source page for South Carolina Department of Education Grants. Grant Appeals Process"
"WDE Seeks Public Comment on 2026 Annual State Application Under Part B of IDEA and Proposed Use of Funds","Wyoming Department of Education Grants","State funding","","","","","","","52","","https://edu.wyoming.gov/wde-seeks-public-comment-on-2026-annual-state-application-under-part-b-of-idea-and-proposed-use-of-funds/","","State funding. Matched source page for Wyoming Department of Education Grants. WDE Seeks Public Comment on 2026 Annual State Application Under Part B of IDEA and Proposed Use of Funds"
"Spencer Foundation funding page","Spencer Foundation","Private foundation","","","","","","","50","","https://www.spencer.org/grant_types","","Private foundation. Source page to monitor for education funding opportunities. The scan could not extract page details this run."
"William T. Grant Foundation funding page","William T. Grant Foundation","Private foundation","","","","","","","50","","https://wtgrantfoundation.org/grants","","Private foundation. Source page to monitor for education funding opportunities. The scan could not extract page details this run."
"EdGrants & GEM$: User Guides, Information and Trainings","Massachusetts Department of Elementary and Secondary Education Grants","State funding","","","","","","","50","","https://www.doe.mass.edu/grants/edgrants.html","","State funding. Matched source page for Massachusetts Department of Elementary and Secondary Education Grants. EdGrants & GEM$: User Guides, Information and Trainings"
"2026-27 Title I, 1003 School Improvement Grant (Instructional Systems)","New York State Education Department Funding","State funding","","","","","","","50","","https://www.nysed.gov/funding-opportunities/news/2026-27-title-i-1003-school-improvement-grant-instructional-systems","","State funding. Matched source page for New York State Education Department Funding. 2026-27 Title I, 1003 School Improvement Grant (Instructional Systems)"
"Special Education State grant application, Medicaid, more...","Washington OSPI Grants","State funding","","","","","","","50","","https://ospi.k12.wa.us/policy-funding/special-education-funding-and-finance","","State funding. Matched source page for Washington OSPI Grants. Special Education State grant application, Medicaid, more..."
"Evidence & Evaluation Impacts of Cell Phone Policies in K‑ 12 Schools RFP RFP Closed","Arnold Ventures","Private foundation","","","","","","","48","","https://assets.arnoldventures.org/uploads/PDFs/AV_RFP_Cell-Phones-in-Schools.pdf","evaluation; evidence","Private foundation. Matched source page for Arnold Ventures. Evidence & Evaluation Impacts of Cell Phone Policies in K‑ 12 Schools RFP RFP Closed"
"Learning","Walton Family Foundation","Private foundation","","","","","","","42","","https://www.waltonfamilyfoundation.org/learning","learning","Private foundation. Matched source page for Walton Family Foundation. Learning"
"21st Century Community Learning Center Grants","Illinois State Board of Education Grants","State funding","","","","","","","42","","https://www.isbe.net/Pages/21CCLC-PG.aspx","learning","State funding. Matched source page for Illinois State Board of Education Grants. 21st Century Community Learning Center Grants"
"Access & Opportunity in Education Migrant & multilingual, homeless, foster, more...","Washington OSPI Grants","State funding","","","","","","","42","","https://ospi.k12.wa.us/student-success/access-opportunity-education","multilingual","State funding. Matched source page for Washington OSPI Grants. Access & Opportunity in Education Migrant & multilingual, homeless, foster, more..."
"Advancing Public Education in India","Michael & Susan Dell Foundation","Private foundation","","","","","","","38","","https://www.dell.org/ideas/india-schools/","","Private foundation. Matched source page for Michael & Susan Dell Foundation. Advancing Public Education in India"
"Education","Walton Family Foundation","Private foundation","","","","","","","38","","https://www.waltonfamilyfoundation.org/our-work/education-program","","Private foundation. Matched source page for Walton Family Foundation. Education"
"Grants","Illinois State Board of Education Grants","State funding","","","","","","","38","","https://www.isbe.net/Pages/Grants.aspx","","State funding. Matched source page for Illinois State Board of Education Grants. Grants"
"IWAS: ISBE Web Application Security","Illinois State Board of Education Grants","State funding","","","","","","","38","","https://apps.isbe.net/iwas","","State funding. Matched source page for Illinois State Board of Education Grants. IWAS: ISBE Web Application Security"
"Grants Management","Illinois State Board of Education Grants","State funding","","","","","","","38","","https://www.isbe.net/Pages/Grants-Management.aspx","","State funding. Matched source page for Illinois State Board of Education Grants. Grants Management"
"Grant Periodic Reporting","Illinois State Board of Education Grants","State funding","","","","","","","38","","https://www.isbe.net/Pages/GrantPeriodicReporting.aspx","","State funding. Matched source page for Illinois State Board of Education Grants. Grant Periodic Reporting"
"Grant Financial Information","Illinois State Board of Education Grants","State funding","","","","","","","38","","https://www.isbe.net/Pages/General-Grant-Information.aspx","","State funding. Matched source page for Illinois State Board of Education Grants. Grant Financial Information"
"All State and Federal Grant Programs","Illinois State Board of Education Grants","State funding","","","","","","","38","","https://www.isbe.net/Pages/State-and-Federal-Grants.aspx","","State funding. Matched source page for Illinois State Board of Education Grants. All State and Federal Grant Programs"
"Federal Grant Programs","Massachusetts Department of Elementary and Secondary Education Grants","State funding","","","","","","","38","","https://www.doe.mass.edu/federalgrants/","","State funding. Matched source page for Massachusetts Department of Elementary and Secondary Education Grants. Federal Grant Programs"
"Grants/Funding Opportunities","Massachusetts Department of Elementary and Secondary Education Grants","State funding","","","","","","","38","","https://www.doe.mass.edu/grants/","","State funding. Matched source page for Massachusetts Department of Elementary and Secondary Education Grants. Grants/Funding Opportunities"
"Grants/Funding Opportunities","Massachusetts Department of Elementary and Secondary Education Grants","State funding","","","","","","","38","","https://www.doe.mass.edu/grants/default.html","","State funding. Matched source page for Massachusetts Department of Elementary and Secondary Education Grants. Grants/Funding Opportunities"
"Current Grants","Massachusetts Department of Elementary and Secondary Education Grants","State funding","","","","","","","38","","https://www.doe.mass.edu/grants/current.html","","State funding. Matched source page for Massachusetts Department of Elementary and Secondary Education Grants. Current Grants"
"Previous Grants","Massachusetts Department of Elementary and Secondary Education Grants","State funding","","","","","","","38","","https://www.doe.mass.edu/grants/pastgrants.aspx","","State funding. Matched source page for Massachusetts Department of Elementary and Secondary Education Grants. Previous Grants"
"Grants Updates Archive","Massachusetts Department of Elementary and Secondary Education Grants","State funding","","","","","","","38","","https://www.doe.mass.edu/grants/?section=archive","","State funding. Matched source page for Massachusetts Department of Elementary and Secondary Education Grants. Grants Updates Archive"
"Anticipated Grant Funding Opportunities","Massachusetts Department of Elementary and Secondary Education Grants","State funding","","","","","","","38","","https://www.doe.mass.edu/grants/anticipatedgrants.html","","State funding. Matched source page for Massachusetts Department of Elementary and Secondary Education Grants. Anticipated Grant Funding Opportunities"
"Grants","New York State Education Department Funding","State funding","","","","","","","38","","https://www.nysed.gov/funding-opportunities/grants","","State funding. Matched source page for New York State Education Department Funding. Grants"
"Competitive Service Contract Procurements","New York State Education Department Funding","State funding","","","","","","","38","","https://www.nysed.gov/funding-opportunities/competitive-service-contract-procurements","","State funding. Matched source page for New York State Education Department Funding. Competitive Service Contract Procurements"
"2026-27 Title I, 1003 School Improvement Grant (Innovation)","New York State Education Department Funding","State funding","","","","","","","38","","https://www.nysed.gov/funding-opportunities/news/2026-27-title-i-1003-school-improvement-grant-innovation","","State funding. Matched source page for New York State Education Department Funding. 2026-27 Title I, 1003 School Improvement Grant (Innovation)"
"2026 Title I, 1003 School Improvement Grant (Supplemental Support Program)","New York State Education Department Funding","State funding","","","","","","","38","","https://www.nysed.gov/funding-opportunities/news/2026-title-i-1003-school-improvement-grant-supplemental-support-program","","State funding. Matched source page for New York State Education Department Funding. 2026 Title I, 1003 School Improvement Grant (Supplemental Support Program)"
"Find information about grants","New York State Education Department Funding","State funding","","","","","","","38","","https://www.nysed.gov/finance-business/funding-grants","","State funding. Matched source page for New York State Education Department Funding. Find information about grants"
"Grant Opportunities","Texas Education Agency Grants","State funding","","","","","","","38","","https://tea.texas.gov/GrantOpportunities","","State funding. Matched source page for Texas Education Agency Grants. Grant Opportunities"
"access all secure TEA applications","Texas Education Agency Grants","State funding","","","","","","","38","","https://tea.texas.gov/node/9596","","State funding. Matched source page for Texas Education Agency Grants. access all secure TEA applications"
"Finance, Grants, and Funding","Texas Education Agency Grants","State funding","","","","","","","38","","https://tea.texas.gov/school-district-leaders/finance-grants-and-funding","","State funding. Matched source page for Texas Education Agency Grants. Finance, Grants, and Funding"
"grantsupport@tea.texas.gov","Texas Education Agency Grants","State funding","","","","","","","38","","mailto:grantsupport@tea.texas.gov","","State funding. Matched source page for Texas Education Agency Grants. grantsupport@tea.texas.gov"
"GEER Assistance to Private Schools (GAPS) Grant Program","Texas Education Agency Grants","State funding","","","","","","","38","","https://tea.texas.gov/data-reports/grants/geer-assistance-private-schools-gaps-grant-program","","State funding. Matched source page for Texas Education Agency Grants. GEER Assistance to Private Schools (GAPS) Grant Program"
"COVID-19 and Federal Grant Funds","Texas Education Agency Grants","State funding","","","","","","","38","","https://tea.texas.gov/finance-and-grants/grants/covid-19-and-federal-grant-funds","","State funding. Matched source page for Texas Education Agency Grants. COVID-19 and Federal Grant Funds"
"Emergency Assistance to Non-Public Schools Grant Program","Texas Education Agency Grants","State funding","","","","","","","38","","https://tea.texas.gov/finance-and-grants/grants/emergency-assistance-to-non-public-schools-eans-grant-program","","State funding. Matched source page for Texas Education Agency Grants. Emergency Assistance to Non-Public Schools Grant Program"
"Disaster Relief and Federal Grant Funding","Texas Education Agency Grants","State funding","","","","","","","38","","https://tea.texas.gov/finance-and-grants/grants/disaster-relief-and-federal-grant-funding","","State funding. Matched source page for Texas Education Agency Grants. Disaster Relief and Federal Grant Funding"
"Forms and Applications","Utah State Board of Education Funding","State funding","","","","","","","38","","https://schools.utah.gov/financialoperations/formsapplications.php","","State funding. Matched source page for Utah State Board of Education Funding. Forms and Applications"
"Utah Grants","Utah State Board of Education Funding","State funding","","","","","","","38","","https://schools.utah.gov/financialoperations/utahgrants.php","","State funding. Matched source page for Utah State Board of Education Funding. Utah Grants"
"Learn more","IES Funding Opportunities","Federal education research","","","","","","","34","","https://ies.ed.gov/funding/deadlines","ies","Federal education research. Matched source page for IES Funding Opportunities. Learn more"
"Virtual office hour help","IES Funding Opportunities","Federal education research","","","","","","","34","","https://ies.ed.gov/funding/help","ies","Federal education research. Matched source page for IES Funding Opportunities. Virtual office hour help"
"IES Application Submission Guide","IES Funding Opportunities","Federal education research","","","","","","","34","","https://ies.ed.gov/ies/2025/01/fy2025-application-submission-guide","ies","Federal education research. Matched source page for IES Funding Opportunities. IES Application Submission Guide"
"Learn more","IES Funding Opportunities","Federal education research","","","","","","","34","","https://ies.ed.gov/funding/grants","ies","Federal education research. Matched source page for IES Funding Opportunities. Learn more"
"Learn more","IES Funding Opportunities","Federal education research","","","","","","","34","","https://www.grants.gov/","ies","Federal education research. Matched source page for IES Funding Opportunities. Learn more"
"Learn more","IES Funding Opportunities","Federal education research","","","","","","","34","","https://www.grants.gov/web/grants/register.html","ies","Federal education research. Matched source page for IES Funding Opportunities. Learn more"
"View more","IES Funding Opportunities","Federal education research","","","","","","","34","","https://ies.ed.gov/funding/grants/2025/education-research-and-development-center-program-84-305c","ies","Federal education research. Matched source page for IES Funding Opportunities. View more"
"View more","IES Funding Opportunities","Federal education research","","","","","","","34","","https://ies.ed.gov/funding/grants/2025/research-training-programs-education-sciences-84-305b","ies","Federal education research. Matched source page for IES Funding Opportunities. View more"
"Today’s Students &rarr;","Lumina Foundation","Private foundation","","","","","","","26","","https://www.luminafoundation.org/topics/todays-students/","","Private foundation. Matched source page for Lumina Foundation. Today’s Students &rarr;"
"Today's Students at a Glance","Lumina Foundation","Private foundation","","","","","","","26","","https://www.luminafoundation.org/campaign/todays-student/","","Private foundation. Matched source page for Lumina Foundation. Today's Students at a Glance"
"Students of Color","Lumina Foundation","Private foundation","","","","","","","26","","https://www.luminafoundation.org/topics/todays-students/students-of-color/","","Private foundation. Matched source page for Lumina Foundation. Students of Color"
"Financially Stressed Students","Lumina Foundation","Private foundation","","","","","","","26","","https://www.luminafoundation.org/topics/todays-students/financially-stressed-students/","","Private foundation. Matched source page for Lumina Foundation. Financially Stressed Students"
"First-Generation Students","Lumina Foundation","Private foundation","","","","","","","26","","https://www.luminafoundation.org/topics/todays-students/first-generation-students/","","Private foundation. Matched source page for Lumina Foundation. First-Generation Students"
"Student Supports","Lumina Foundation","Private foundation","","","","","","","26","","https://www.luminafoundation.org/campaign/beyond-financial-aid/","","Private foundation. Matched source page for Lumina Foundation. Student Supports"
"School Buildings & Facilities Programs, grants, funding, more...","Washington OSPI Grants","State funding","","","","","","","26","","https://ospi.k12.wa.us/policy-funding/school-buildings-facilities","","State funding. Matched source page for Washington OSPI Grants. School Buildings & Facilities Programs, grants, funding, more..."
